word,phonetic,pos,meaning,example,example_trans,image_url
cancel,'kænsl,,取消， 撤销； 删去,,,
explosive,ɪk'spləusɪv,,爆炸的； 极易引起争论的；炸药,,,
numerous,'njuːmərəs,,众多的,,,
govern,'gʌvn,,居支配地位， 占优势；统治，治理，支配,,,
analyse,'ænəlaɪz,,分析； 分解； 解析,,,
discourage,dɪs'kʌrɪdʒ,,使泄气， 使灰心； 阻止， 劝阻,,,
resemble,rɪ'zembl,,像， 类似于,,,
remote,rɪ'məut,,遥远的； 偏僻的； 关系疏远的； 脱离的； 微乎其微的； 孤高的， 冷淡的； 遥控的,,,
salary,'sæləri,,薪金， 薪水,,,
pollution,pə'luːʃn,,污染， 污染物,,,
pretend,prɪ'tend,,装作， 假装,,,
kettle,'ketl,,水壶,,,
wreck,rek,,失事；残骸；精神或身体已垮的人；破坏,,,
drunk,drʌŋk,,醉的； 陶醉的,,,
calculate,'kælkjuleɪt,,计算； 估计； 计划,,,
persistent,pə'sɪstənt,,坚持的， 不屈不挠的； 持续不断的； 反复出现的,,,
sake,seɪk,,缘故， 理由,,,
conceal,kən'siːl,,把…隐藏起来， 掩盖， 隐瞒,,,
audience,'ɔːdiəns,,听众， 观众， 读者,,,
meanwhile,'miːnwaɪl,,与此同时,,,
possess,pə'zes,,占用， 拥有,,,
competent,'kɒmpɪtənt,,有能力的， 能胜任的,,,
investment,ɪn'vestmənt,,投资， 投资额； 投入,,,
neutral,'njuːtrəl,,中立的； 中性的,,,
scratch,skrætʃ,,抓，搔，扒；刮，擦；刻出；抓痕， 划痕； 抓， 搔， 刮,,,
optional,'ɒpʃənl,,可以任选的,,,
require,rɪ'kwaɪə,,需要； 要求； 命令,,,
circular,'sɜːkjələ,,圆的；循环的；兜圈子的；通知， 通告,,,
analysis,ə'næləsɪs,,分析， 分析报告； 分解； 解析,,,
click,klɪk,,发出咔嗒声；点击；咔嗒声,,,
fashionable,'fæʃnəbl,,流行的， 时髦的,,,
devise,dɪ'vaɪz,,设计， 发明,,,
apparent,ə'pærənt,,表面上的， 明显的,,,
journalist,'dʒɜːnəlɪst,,新闻工作者， 新闻记者,,,
exposure,ɪk'spəuʒə,,暴露， 揭露； 曝光,,,
temper,'tempə,,韧度；心情，情绪；调和， 使缓和； 【冶】使回火,,,
protective,prə'tektɪv,,保护的， 防护的,,,
sideways,'saɪdweɪz,,从一边， 向一边； 在一边； 斜着， 侧身,,,
multicultural,ˌmʌlti'kʌltʃərəl,,融合多种文化的,,,
object,'ɒbdʒɪkt; -dʒekt,,反对， 不赞成；实物， 物体； 目的， 目标； 对象， 客体； 宾语,,,
humble,'hʌmbl,,谦逊的； 地位低下的； 简陋的,,,
chapter,'tʃæptə,,章， 回， 篇,,,
harbour,'hɑːbə,,海港，港口；庇护； 心怀,,,
independent,ˌɪndɪ'pendənt,,独立的， 自主的； 无偏见的； 不相关联的,,,
carriage,'kærɪdʒ,,客车厢， 四轮马车,,,
cliff,klɪf,,悬崖， 峭壁,,,
infinite,'ɪnfɪnət,,无限的； 无穷的,,,
concede,kən'siːd,,承认， 承认…为真； 承认失败； 允许， 让予； 让步， 认输,,,
elect,ɪ'lekt,,选举， 推选； 选择,,,
weekly,'wiːkli,,每周；每周的,,,
result,rɪ'zʌlt,,发生； 结果；结果；成果；比分,,,
golf,gɒlf,,高尔夫球运动,,,
selfish,'selfɪʃ,,自私的， 利己的,,,
sexism,'seksɪzəm,,性别偏见， 性别歧视,,,
commission,kə'mɪʃn,,委任状；委员会；佣金，回扣；授权，委托；委任， 委托,,,
headline,'hedlaɪn,,大字标题； 新闻提要,,,
connect,kə'nekt,,连接， 结合， 联系； 给…接通电话,,,
rational,'ræʃnəl,,理性的， 理智的； 合理的,,,
policy,'pɒləsi,,政策， 方针； 保险单,,,
editorial,ˌedɪ'tɔːriəl,,编辑的，主笔的，编者的；社论的，社论式的；社论， 重要评论,,,
resume,rɪˈzjuːm; ˈrɛzjʊmeɪ,,重新开始， 继续， 恢复；摘要， 概要； 简历,,,
rebuild,ˌriː'bɪld,,重建， 改造； 复原,,,
committee,kə'mɪti,,委员会， 全体委员,,,
namely,'neɪmli,,即， 也就是,,,
artistic,ɑː'tɪstɪk,,艺术的， 艺术家的； 富有艺术性的， 精美的； 精彩的,,,
union,'juːnɪən,,工会， 联盟； 联合， 团结； 一致,,,
plentiful,'plentɪfl,,丰富的， 充足的； 大量的,,,
halt,hɔːlt,,停止，立定；停住,,,
component,kəm'pəunənt,,组成的， 构成的；组成部分，部件，组件,,,
consultant,kən'sʌltənt,,顾问； 会诊医师， 专科医生,,,
sunset,'sʌnset,,日落； 晚霞,,,
obvious,'ɒbviəs,,明显的,,,
illustration,ˌɪlə'streɪʃn,,说明， 图解， 例证,,,
disguise,dɪs'gaɪz,,假扮，化装，伪装；掩盖，掩饰；用来伪装的东西； 伪装， 掩饰,,,
wrap,ræp,,裹，包，捆；披肩,,,
surgery,'sɜːdʒəri,,外科， 外科手术； 手术室,,,
liberal,'lɪbərəl,,心胸宽大的， 慷慨的； 自由的， 自由主义的,,,
violent,'vaɪələnt,,暴力引起的， 暴力的； 猛烈的， 剧烈的,,,
harmony,'hɑːməni,,调和， 协调， 和谐,,,
resolve,rɪ'zɒlv,,解决， 解答； 决定， 决意,,,
chill,tʃɪl,,变冷，感到冷；寒冷， 寒气； 风寒， 寒战,,,
confront,kən'frʌnt,,迎面遇到， 遭遇； 勇敢地面对， 正视； 使对质， 使当面对证,,,
dominate,'dɒmɪneɪt,,拥有优势；在…中占首要地位；支配，统治，控制；耸立于，俯视,,,
imitate,'ɪmɪteɪt,,模仿， 仿效， 仿制,,,
faithful,'feɪθfl,,忠诚的； 如实的； 尽职的,,,
reproduce,ˌriːprə'djuːs,,复制， 再现； 繁殖， 生殖,,,
institution,ˌɪnstɪ'tjuːʃn,,协会； 制度， 习俗,,,
pad,pæd,,垫，衬垫；便笺本；发射台，直升机起落场；填塞,,,
provocation,ˌprɒvə'keɪʃn,,激怒， 刺激； 挑衅， 挑拨,,,
ambition,æm'bɪʃn,,雄心， 抱负； 野心； 期望得到的东西,,,
scholarship,'skɒləʃɪp,,奖学金； 学问， 学识,,,
exceed,ɪk'siːd,,超过， 胜过， 超出,,,
besides,bɪ'saɪdz,,而且；除…之外,,,
preposition,ˌprepə'zɪʃn,,介词,,,
enlarge,ɪn'lɑːdʒ,,扩大， 扩展， 放大,,,
implement,'ɪmplɪm(ə)nt,,工具， 器具， 用具；使生效， 履行， 实施,,,
export,ˈekspɔːt；ɪkˈ-,,输出， 出口；输出， 出口； 输出品， 出口额,,,
Christ,kraɪst,,基督， 救世主,,,
murder,'mɜːdə,,谋杀，凶杀；谋杀罪；谋杀；杀害,,,
pat,pæt,,非常恰当的， 适时的；轻拍,,,
fantasy,'fæntəsi,,想象， 幻想； 想象的产物,,,
horsepower,'hɔːspauə,,马力,,,
visibility,ˌvɪzə'bɪləti,,可见度， 能见度； 可见性， 明显性,,,
invitation,ˌɪnvɪ'teɪʃn,,邀请， 招待； 请柬； 吸引， 诱惑,,,
paw,pɔː,,用爪子抓， 用蹄扒； 翻找；爪子,,,
enormous,ɪ'nɔːməs,,巨大的， 庞大的,,,
moisture,'mɔɪstʃə,,潮湿， 湿气,,,
toast,təust,,烤面包；祝酒，祝酒词；烘， 烤； 向…祝酒， 为…干杯,,,
frustrate,frʌ'streɪt,,使沮丧， 使灰心； 挫败， 使受挫折,,,
external,ɪk'stɜːnl,,外部的， 外面的,,,
aside,ə'saɪd,,在旁边， 到旁边,,,
circumstance,'sɜːkəmstəns,,情况， 条件； 境遇， 境况； 经济情况,,,
revise,rɪ'vaɪz,,修订， 修改； 复习,,,
authority,ɔː'θɒrəti,,官方； 权力； 当权者， 行政管理机构； 权威， 专家,,,
creature,'kriːtʃə,,创造物， 产物； 生物， 动物， 家畜,,,
harm,hɑːm,,伤害， 损害,,,
semiconductor,ˌsemikən'dʌktə,,半导体,,,
rope,rəup,,绳，索；用绳捆,,,
provided,prə'vaɪdɪd,,假如， 若是,,,
instrument,'ɪnstrəmənt,,仪器， 工具； 乐器,,,
gasoline,'gæsəliːn,,汽油,,,
indispensable,ˌɪndɪ'spensəbl,,必不可少的， 必需的,,,
medium,'miːdiəm,,中等的；媒体；媒介物，传导体,,,
lens,lenz,,透镜， 镜片， 镜头,,,
wisdom,'wɪzdəm,,智慧， 才智； 名言,,,
fatal,'feɪtl,,致命的， 命运的； 重大的， 决定性的,,,
nowhere,'nəuhweə,,任何地方都不,,,
motive,'məutɪv,,动机， 目的,,,
romantic,rəu'mæntɪk,,浪漫的； 多情的； 有浪漫色彩的， 传奇性的； 不切实际的， 空想的,,,
motivate,'məutɪveɪt,,作为…的动机； 激励， 激发,,,
spoil,spɔɪl,,损坏，糟蹋；宠坏，溺爱；变质；战利品， 掠夺物,,,
airline,'eəlaɪn,,航空公司； 航线,,,
multiply,'mʌltɪplaɪ,,增加， 繁殖； 乘,,,
ridge,rɪdʒ,,脊， 山脊； 垄， 埂， 脊状突起,,,
pilot,'paɪlət,,试验性的， 试点的；引航员；飞行员；驾驶；为引航；试验，试用,,,
umbrella,ʌm'brelə,,伞， 雨伞,,,
approval,ə'pruːvl,,赞成， 同意， 批准,,,
mobile,'məubaɪl,,运动的； 流动的； 多变的,,,
perform,pə'fɔːm,,做， 履行， 完成； 表演， 演出； 工作情况， 表现,,,
multiple,'mʌltɪpl,,复合的，多重的，多样的；倍数,,,
peak,piːk,,达到高峰， 达到最大值；最大值的，高峰的；山顶，顶点,,,
evolution,ˌiːvə'luːʃn; ˌevə'luːʃn,,进化， 演化， 发展,,,
portrait,'pɔːtrət; 'pɔːtreɪt,,肖像， 画像,,,
halfway,ˌhɑːf'weɪ,,半路地； 在中途， 在半途；中途的；部分的；不彻底的,,,
expose,ɪk'spəuz,,使接触； 揭露,,,
concentrate,'kɒnsntreɪt,,全神贯注，全力以赴；集中，聚集；浓缩；浓缩物， 浓缩液,,,
magnet,'mægnət,,磁铁， 磁体； 有吸引力的人或事物,,,
explosion,ɪk'spləuʒn,,爆炸， 爆发， 炸裂； 激增， 扩大,,,
weld,weld,,焊接， 熔接,,,
up-to-date,ˌʌptə'deɪt,,直到最近的， 现代的； 跟上时代的,,,
complaint,kəm'pleɪnt,,抱怨， 怨言； 控告,,,
translation,træns'leɪʃn; trænz'leɪʃn,,翻译； 译文， 译本,,,
cancer,'kænsə,,癌， 癌症； 肿瘤,,,
personnel,ˌpɜːsə'nel,,人员， 员工,,,
hopeless,'həupləs,,没有希望的， 绝望的,,,
outlook,'autluk,,观点， 看法； 展望， 前景,,,
fountain,'fauntən,,泉水； 喷泉； 源泉,,,
offense,ə'fens,,犯规， 违法行为； 冒犯， 得罪,,,
breadth,bredθ,,宽度； 幅度， 幅面,,,
catalog,'kætəlɒg,,目录，目录册；一系列；将…编入目录， 将编目,,,
channel,'tʃænl,,海峡， 水道， 航道； 渠道， 途径； 频道,,,
focus,'fəukəs,,聚焦；集中；焦点； 中心,,,
invisible,ɪn'vɪzəbl,,看不见的， 无形的,,,
entire,ɪn'taɪə,,全部的， 整个的,,,
pea,piː,,豌豆,,,
pill,pɪl,,药丸,,,
wrist,rɪst,,腕， 腕关节,,,
approach,ə'prəutʃ,,向…靠近；靠近,,,
myth,mɪθ,,杜撰出来的人； 神话,,,
flour,'flauə,,面粉； 粉， 粉状物质,,,
implication,ˌɪmplɪ'keɪʃn,,含意， 暗示， 暗指； 卷入， 牵连,,,
camel,'kæml,,骆驼,,,
fierce,fɪəs,,凶猛的； 狂热的,,,
bump,bʌmp,,碰，撞；颠簸着前进；碰撞， 猛撞； 肿块； 隆起物,,,
reservation,ˌrezə'veɪʃn,,预订； 保留； 犹豫； 保留地,,,
per,pə,,每， 每一,,,
proceed,prə'siːd,,继续进行； 行进， 前进,,,
considering,kən'sɪdərɪŋ,,鉴于， 考虑到， 顾及,,,
corporation,ˌkɔːpə'reɪʃn,,公司， 企业， 社团,,,
loyalty,'lɔɪəlti,,忠诚， 忠心,,,
bulb,bʌlb,,电灯泡， 球状物,,,
dismiss,dɪs'mɪs,,不再考虑； 解雇， 解散； 驳回,,,
propose,prə'pəuz,,提议， 建议， 提出； 提名， 推荐； 打算， 计划； 求婚,,,
intelligence,ɪn'telɪdʒəns,,智力； 理解力； 情报,,,
reform,rɪ'fɔːm,,改革， 改良， 改造； 改正， 改过自新,,,
draught,drɑːft,,穿堂风，冷风；〔啤酒〕桶装的，散装的,,,
daylight,'deɪlaɪt,,白昼， 日光， 黎明,,,
install,ɪn'stɔːl,,安装， 设置； 使就职， 任命,,,
integration,ˌɪntɪ'greɪʃn,,综合,,,
indication,ˌɪndɪ'keɪʃn,,指示， 表示， 表明； 象征， 迹象,,,
bulk,bʌlk,,变得越来越大； 使更大；物体；体积；大批,,,
coach,kəutʃ,,长途公共汽车；教练，指导；旅客车厢；训练， 指导， 辅导,,,
despair,dɪ'speə,,绝望；绝望，感到无望,,,
champion,'tʃæmpiən,,冠军， 得胜者； 捍卫者， 拥护者,,,
gum,gʌm,,口香糖； 树胶,,,
circuit,'sɜːkɪt,,电路， 线路； 环行， 巡行,,,
pine,paɪn,,消瘦， 衰弱； 痛苦， 悲哀； 渴望；松树，松木,,,
magnificent,mæg'nɪfɪsnt,,宏伟的， 壮丽的； 华丽的； 极好的,,,
guy,gaɪ,,家伙， 伙计,,,
respectively,rɪ'spektɪvli,,各自地， 各个地， 分别地,,,
protection,prə'tekʃn,,保护， 防护,,,
pint,paɪnt,,品脱,,,
restrict,rɪ'strɪkt,,限制， 约束， 限定,,,
instant,'ɪnstənt,,立即的； 紧急的； 可以速食的；瞬间,,,
conjunction,kən'dʒʌŋkʃn,,接合， 连接， 联合； 连词,,,
peer,pɪə,,仔细看， 费力地看；同龄人，同等地位的人；贵族,,,
orderly,'ɔːdəli,,整洁的； 有秩序的,,,
costly,'kɒstli,,昂贵的， 价值高的,,,
roast,rəust,,烤，炙，烘；烤过的， 烘过的；烤肉,,,
violence,'vaɪələns,,猛烈， 激烈； 暴力,,,
succession,sək'seʃn,,连续； 一连串； 接替， 继任， 继承,,,
accordingly,ə'kɔːdɪŋli,,因此， 所以； 照着,,,
consequence,'kɒnsɪkwəns,,结果， 后果； 重要， 重大,,,
product,'prɔdʌkt; 'prɔdəkt,,产品， 产物； 乘积,,,
particularly,pə'tɪkjələli,,特别， 尤其,,,
dominant,'dɒmɪnənt,,占优势的， 支配的， 统治的； 居高临下的， 高耸的,,,
heading,'hedɪŋ,,标题， 题词， 题名； 新闻提要,,,
lover,'lʌvə,,爱好者； 情人,,,
vinegar,'vɪnɪgə,,醋,,,
intellectual,ˌɪntə'lektʃuəl,,智力的；知识分子,,,
cheat,tʃiːt,,欺骗；作弊；哄，行骗；欺骗， 欺骗行为； 骗子,,,
framework,'freɪmwɜːk,,框架， 结构； 准则； 体系,,,
undoubtedly,ˌʌn'dautɪdli,,毋庸置疑地， 肯定地,,,
infect,ɪn'fekt,,传染， 感染； 影响,,,
tide,taɪd,,潮， 潮汐； 潮流， 趋势,,,
prohibit,prə'hɪbɪt,,禁止， 不准,,,
bacteria,bæk'tɪəriə,,细菌,,,
minor,'maɪnə,,辅修；较小的，较少的；次要的；未成年人；辅修科目,,,
arrow,'ærəu,,箭， 箭状物； 箭头符号,,,
cop,kɒp,,警察,,,
fuel,'fjuːəl,,加燃料； 加油；燃料，燃料剂；给…加燃料；刺激,,,
hostile,'hɒstaɪl,,敌方的； 不友善的,,,
aeroplane,'eərəpleɪn,,飞机,,,
manner,'mænə,,方式； 态度； 风度； 礼貌， 规矩,,,
employee,ɪm'plɔɪɪː,,受雇者， 雇员， 雇工,,,
associate,ə'səʊʃɪeɪt; -sɪeɪt,,结合； 交往；副的；把…联系在一起；使联合；伙伴，同事,,,
pray,preɪ,,祈祷， 祈求； 请求， 恳求,,,
lad,læd,,男孩， 小伙子,,,
crawl,krɔːl,,爬， 爬行； 缓慢地行进,,,
identical,aɪ'dentɪkl,,完全相同的， 同一的,,,
lag,læg,,走得慢；落后,,,
towel,'tauəl,,毛巾， 手巾,,,
charity,'tʃærəti,,救济金， 施舍物； 慈善团体， 慈善事业； 宽大， 宽容,,,
academic,ˌækə'demɪk,,学院的； 学术的； 纯理论的， 不切实际的,,,
function,'fʌŋkʃn,,运作， 运行；功能；职务，职责,,,
employer,ɪm'plɔɪə,,雇佣者， 雇主,,,
pit,pɪt,,地洞，坑；煤矿，矿井；使有坑,,,
lap,læp,,舔； 拍打；膝部；一圈，一段,,,
mineral,'mɪnərəl,,矿物， 矿石， 矿物质,,,
stock,stɒk,,常用的， 常备的；原料，库存品；股本，公债；世系，血统；汤汁；家畜，牲畜；储备,,,
representative,ˌreprɪ'zentətɪv,,有代表性的， 典型的；代表，代理人,,,
suspend,sə'spend,,暂停， 终止； 吊， 悬,,,
pigeon,'pɪdʒɪn,,鸽子,,,
well-known,ˌwel'nəun,,众所周知的， 著名的,,,
beneath,bɪ'niːθ,,在下方， 在底下；在…下方；低于，次于；在…掩盖下；连…也不值得，有失…的身份,,,
terror,'terə,,恐怖， 惊骇； 引起恐怖的人或事,,,
comparison,kəm'pærɪsn,,比较， 对照； 比拟， 比喻,,,
surge,sɜːdʒ,,蜂拥而出；洋溢，奔放；汹涌，奔腾；大浪， 波涛； 高涨； 汹涌,,,
lest,lest,,唯恐， 以免,,,
heroic,hə'rəuik,,英雄的； 英勇的,,,
sway,sweɪ,,摇，摇动；动摇；摇摆， 摇动； 起支配作用的影响,,,
basis,'beɪsɪs,,基础， 根据； 原则,,,
tutor,'tjuːtə,,当…导师， 当…家庭教师；导师；家庭教师，私人教师,,,
senator,'senətə,,参议员,,,
adventure,əd'ventʃə,,奇遇； 冒险， 冒险活动,,,
successive,sək'sesɪv,,连续的， 接连的,,,
condition,kən'dɪʃn,,状况， 状态； 环境,,,
thirsty,'θɜːsti,,渴的； 渴望的,,,
ceremony,'serəməni,,典礼， 仪式， 礼节,,,
obligation,ˌɒblɪ'geɪʃn,,义务， 责任,,,
improve,ɪm'pruːv,,变得更好； 改善； 提高,,,
gym,dʒɪm,,体育馆； 健身房,,,
rarely,'reəli,,很少， 难得,,,
evil,'iːvl,,坏的；邪恶，祸害,,,
governor,'gʌvənə,,州长； 主管人员； 理事， 董事,,,
twist,twɪst,,缠绕，盘绕；转动，旋动；捻，搓；歪曲，曲解；扭歪，扭伤；曲折前进；转身；扭弯； 转折， 转变； 弯曲， 曲折处,,,
locate,ləu'keɪt,,探明， 找出； 把…设置在， 使…坐落于,,,
unite,ju'naɪt,,联合， 统一,,,
lavatory,'lævətri,,盥洗室， 厕所,,,
exterior,ɪk'stɪəriə,,外部的；对外的；外部， 外表,,,
technique,tek'niːk,,技术， 技巧， 技能,,,
combat,'kɒmbæt,,战争，斗争，格斗；与…斗争， 与…战斗,,,
troop,truːp,,成群结队而行；军队，部队；一群，大量,,,
scenery,'siːnəri,,风景， 景色； 舞台布景,,,
unity,'juːnəti,,单一， 统一， 团结； 和睦， 协调,,,
effective,ɪ'fektɪv,,有效的； 有影响的,,,
pursue,pə'sjuː,,继续； 从事； 追赶， 追踪； 追求,,,
similarly,'sɪmələli,,类似地， 相似地,,,
convey,kən'veɪ,,表达， 传递； 运送， 输送,,,
muscle,'mʌsl,,肌肉， 体力； 力量， 实力,,,
design,dɪ'zaɪn,,设计；预定，指定；设计， 构想； 图样； 企图,,,
extra,'ekstrə,,特别地；额外的；特别的；额外的事物， 额外费用,,,
generous,'dʒenərəs,,慷慨的； 宽厚的； 大量的,,,
victim,'vɪktɪm,,牺牲者， 受害者,,,
possibility,ˌpɒsə'bɪləti,,可能； 可能的事,,,
lane,leɪn,,小路； 跑道； 航道， 航线,,,
garlic,'gɑːlɪk,,大蒜,,,
chief,tʃiːf,,主要的，为首的；总的；首领， 长官； 酋长， 族长,,,
accord,ə'kɔːd,,相符合； 相一致；一致，符合；谅解，协议；使符合；使一致；调节；授予，赠与，给予,,,
aircraft,'eəkrɑːft,,飞机， 飞行器,,,
automatic,ˌɔːtə'mætɪk,,自动的，机械的；不假思索的，无意识的；必然的，自然的；自动手枪； 有自动装置的汽车,,,
doubtful,'dautfl,,难以预测的； 怀疑的,,,
despite,dɪ'spaɪt,,不管， 不顾,,,
opening,'əupnɪŋ,,开首的，开始的；口子， 洞， 孔； 开始； 空缺,,,
industrial,ɪn'dʌstriəl,,工业的， 产业的,,,
obey,ə'beɪ,,顺从， 服从,,,
conduct,'kɒndʌkt,,举止， 行为； 指导； 管理； 实施；进行； 管理， 指挥， 引导； 传输， 传导,,,
stable,'steɪbl,,稳定的，不变的；沉稳的，持重的；厩， 马厩， 牛棚,,,
lamb,læm,,羔羊， 小羊； 羔羊肉,,,
pillow,'pɪləu,,枕头,,,
harness,'hɑːnɪs,,治理；给上挽具；马具， 挽具,,,
fantastic,fæn'tæstɪk,,极好的， 极出色的， 了不起的； 极大的； 难以相信的； 异想天开的， 不实际的； 奇异的， 古怪的,,,
sketch,sketʃ,,绘…的略图， 画…的素描； 概述；略图；梗概；素描，速写,,,
tidy,'taɪdi,,整洁的，整齐的；整洁， 整齐,,,
respond,rɪ'spɒnd,,回答， 答复； 作出反应， 响应,,,
incident,'ɪnsɪdənt,,发生的事， 事件,,,
maintenance,'meɪntənəns,,维持； 保养； 抚养费,,,
marry,'mæri,,娶， 嫁； 为…证婚； 结婚， 结合,,,
decay,dɪ'keɪ,,腐烂；衰败；腐烂,,,
absorb,əb'sɔːb; əb'zɔːb,,吸收； 吸引…的注意， 使全神贯注； 把…并入， 同化,,,
supply,sə'plaɪ,,供给， 供应,,,
concern,kən'sɜːn,,关切的事，有关的事；关心，挂念；关系，关联；公司，企业；涉及， 有关； 使关心， 使担心,,,
circulate,'sɜːkjəleɪt,,循环， 流通； 流传， 散布， 传播,,,
liberty,'lɪbəti,,自由； 许可， 准许； 过于随便， 放肆,,,
liable,'laɪəbl,,易于…的； 可能的,,,
cargo,'kɑːgəu,,船货， 货物,,,
confidential,ˌkɒnfɪ'denʃl,,秘密的， 机密的； 亲信的,,,
drift,drɪft,,漂流，漂泊；漂流； 大意， 主旨； 趋势,,,
element,'elɪmənt,,成分， 要素， 元素； 基础， 纲要； 自然力,,,
chaos,'keɪɒs,,混乱， 紊乱,,,
mankind,ˌmæn'kaɪnd,,人类,,,
abundant,ə'bʌndənt,,丰富的， 富裕的； 大量的， 充足的,,,
pace,peɪs,,踱步；步，步速；速度；节奏,,,
exclaim,ɪk'skleɪm,,呼喊， 惊叫,,,
probable,'prɒbəbl,,很可能的， 大概的,,,
forecast,'fɔːkɑːst,,预测， 预报；预测，预报,,,
uncover,ʌn'kʌvə,,揭露， 暴露； 揭开…的盖子,,,
recognize,'rekəgnaɪz,,认出， 识别； 承认； 赏识， 表彰， 报偿,,,
pack,pæk,,捆扎，把…打包；使挤在一起，塞满；包， 小盒,,,
restraint,rɪ'streɪnt,,抑制， 限制， 克制； 约束措施， 约束条件,,,
input,'ɪnput,,输入；投入的资金；输入的数据；把…输入计算机,,,
cue,kjuː,,暗示，信号；提示；提示； 暗示,,,
volt,vəult,,伏特， 伏,,,
reality,ri'æləti,,现实， 实际； 真实,,,
stereotype,'steriətaɪp,,陈规，老套，固定的模式；铅版；把…浇铸成铅版； 对…形成固定看法,,,
enroll,ɪn'rəul,,入学，加入；招收， 吸收,,,
offend,ə'fend,,冒犯， 伤害…的感情； 使厌恶； 违反,,,
molecule,'mɒlɪkjuːl,,分子,,,
resign,rɪ'zaɪn,,辞职；辞去， 放弃； 使听从， 使顺从,,,
bathe,beɪð,,洗澡； 游泳,,,
workman,'wɜːkmən,,工人， 劳动者， 工匠,,,
sophisticated,sə'fɪstɪkeɪtɪd,,老于世故的； 高级的； 精密的， 复杂的； 高雅的,,,
sunrise,'sʌnraɪz,,日出； 朝霞,,,
entertainment,ˌentə'teɪnmənt,,娱乐， 文娱节目， 表演会； 招待， 款待， 请客,,,
document,'dɒkjumənt,,公文，文件；证件；用文件等证明,,,
starve,stɑːv,,挨饿， 饿死,,,
battery,'bætri,,电池， 蓄电池； 排炮， 炮组； 一系列， 一套,,,
chase,tʃeɪs,,追逐， 追赶； 追求,,,
accident,'æksɪdənt,,意外， 事故,,,
marine,mə'riːn,,海的， 海生的； 海事的， 海军的， 海运的；海军陆战队士兵,,,
clay,kleɪ,,黏土， 泥土； 肉体,,,
anyway,'eniweɪ,,无论如何， 至少； 不论以何种方式， 无论从什么角度,,,
promote,prə'məut,,促进， 增进， 发扬； 提升； 宣传， 推销,,,
routine,ruː'tiːn,,例行的， 常规的；例行公事，惯例，惯常的程序,,,
attack,ə'tæk,,攻击，打击；突然发作；攻击， 进攻,,,
humour,'hjuːmə,,幽默， 诙谐， 幽默感,,,
divorce,dɪ'vɔːs,,离婚； 分离， 脱离；离婚，离异,,,
currency,'kʌrənsi,,通货， 货币； 通行， 流行,,,
canal,kə'næl,,运河， 沟渠； 管,,,
attach,ə'tætʃ,,缚， 系， 贴； 附加； 使依恋， 使喜爱； 使附属； 认为有,,,
distribute,dɪ'strɪbjuːt; 'dɪstrɪbjuːt,,分发， 分送； 分布,,,
ankle,'æŋkl,,踝， 踝关节,,,
convict,kən'vɪkt,,证明…有罪， 宣判…有罪；囚犯,,,
legislation,ˌledʒɪs'leɪʃn,,法律， 法规； 立法， 法律的制定,,,
clause,klɔːz,,条款； 从句， 分句,,,
quiz,kwɪz,,智力竞赛，问答比赛；小测验；考查， 盘问,,,
participate,pɑː'tɪsɪpeɪt,,参与， 参加； 分享,,,
ingredient,ɪn'griːdiənt,,组成部分， 成分； 原料； 要素， 因素,,,
surplus,'sɜːpləs,,过剩的， 多余的；过剩，剩余，盈余,,,
correspondence,ˌkɒrə'spɒndəns,,信件， 函件； 通信， 通信联系； 符合， 一致， 相似,,,
refresh,rɪ'freʃ,,振作精神， 恢复活力,,,
librarian,laɪ'breəriən,,图书馆管理员,,,
intimate,'ɪntɪmət,,亲密的；个人的；至交， 密友；暗示， 提示,,,
reporter,rɪ'pɔːtə,,记者,,,
declaration,ˌdeklə'reɪʃn,,宣布， 宣告； 宣言， 声明； 申报,,,
disclose,dɪs'kləuz,,揭示； 透露,,,
religion,rɪ'lɪdʒən,,宗教， 宗教信仰,,,
diagram,'daɪəgræm,,图解， 图表， 简图,,,
claw,klɔː,,抓， 撕；爪，脚爪，螯,,,
torture,'tɔːtʃə,,拷问；折磨；拷打,,,
prayer,preə,,祷告， 祈祷； 祷文； 祈求， 祈望,,,
tragedy,'trædʒədi,,悲剧， 惨事， 惨案； 悲剧艺术,,,
charm,tʃɑːm,,迷人的特性，魅力；符咒，咒文；吸引， 迷住,,,
clap,klæp,,拍手，轻拍；拍手， 鼓掌,,,
purple,'pɜːpl,,紫的；紫色,,,
quit,kwɪt,,停止， 放弃； 离开， 辞,,,
economical,ˌiːkə'nɒmɪkl,,节约的； 经济学的,,,
prosperous,'prɒspərəs,,繁荣的， 兴旺的,,,
polish,'pɒlɪʃ,,磨光；修改，润色，使优美；擦光剂,,,
cabinet,'kæbɪnət,,橱， 柜； 内阁,,,
chart,tʃɑːt,,图表；航海图；用图表表示， 在图上表示,,,
optical,'ɒptɪkl,,眼的， 光学的， 视觉的,,,
fashion,'fæʃn,,样子， 方式； 时尚； 流行款式,,,
insurance,ɪn'ʃuərəns,,保险， 保险费,,,
preface,'prefəs,,序言， 前言， 引言,,,
principle,'prɪnsəpl,,原则， 原理， 道义； 基本信念， 信条,,,
lid,lɪd,,盖子， 盖,,,
tedious,'tiːdiəs,,冗长乏味的， 沉闷的,,,
source,sɔːs,,河的源头， 根源； 来源， 出处,,,
secure,sɪ'kjuə,,安全的，可靠的；牢固的，稳固的；无忧虑的，安心的；得到， 获得； 使安全， 保卫； 缚牢,,,
domestic,də'mestɪk,,本国的； 家庭的； 驯养的,,,
deception,dɪ'sepʃn,,欺骗； 诡计， 骗局,,,
basically,'beɪsɪkli,,基本上， 从根本上说,,,
donation,dəu'neɪʃn,,捐款， 捐赠物； 捐赠， 赠送,,,
avenue,'ævənjuː,,林荫道， 道路， 大街,,,
immense,ɪ'mens,,巨大的； 极好的,,,
budget,'bʌdʒɪt,,规划，安排；编预算；低廉的， 收费公道的；预算，预算拨款,,,
given,'gɪvn,,规定的，特定的；假设的；已知的；有癖好的，有倾向的；考虑到,,,
hay,heɪ,,干草,,,
chest,tʃest,,胸腔， 胸膛； 箱子,,,
tension,'tenʃn,,紧张， 不安； 拉紧； 张力， 拉力,,,
definite,'defɪnət,,明确的， 肯定的,,,
reflection,rɪ'flekʃn,,映像， 倒影； 反射； 反映， 表达； 非议； 沉思， 反省,,,
ultimate,'ʌltɪmət,,最后的，最终的；终极， 顶点,,,
campus,'kæmpəs,,校园， 学校场地,,,
adapt,ə'dæpt,,使适应； 改编,,,
solicitor,sə'lɪsɪtə,,律师， 法律顾问,,,
cheerful,'tʃɪəfl,,快乐的， 愉快的； 使人感到愉快的,,,
merit,'merɪt,,长处，优点，价值；功劳，成绩；值得， 应受,,,
misunderstand,ˌmɪsʌndə'stænd,,误解， 误会,,,
guilty,'gɪlti,,内疚的； 有罪的,,,
measure,'meʒə,,测量，度量；衡量；分量； 尺寸； 量具； 计量单位； 量度， 测量； 措施， 办法,,,
overall,ˌəuvər'ɔːl,,全面的， 总体的， 全部的,,,
receipt,rɪ'siːt,,发票， 收据； 收入， 进款； 收到， 接到,,,
assume,ə'sjuːm,,假定， 假设， 臆断； 承担， 担任； 呈现,,,
pepper,'pepə,,胡椒，胡椒粉；在…上撒； 使布满,,,
plural,'pluərəl,,复数的；复数,,,
doctoral,'dɒktərəl,,博士的,,,
concept,'kɒnsept,,概念， 观念， 设想,,,
resistant,rɪ'zɪstənt,,抵抗的， 抗…的， 耐…的,,,
effort,'efət,,努力， 努力的成果,,,
video,'vɪdiəu,,录像的；电视的；录像,,,
disaster,dɪ'zɑːstə,,灾难， 灾祸， 天灾； 彻底的失败,,,
agriculture,'ægrɪkʌltʃə,,农业， 农学,,,
weapon,'wepən,,武器， 兵器,,,
grocer,'grəusə,,食品商， 杂货商,,,
stare,steə,,盯， 凝视,,,
painful,'peɪnfl,,疼痛的， 引起疼痛的； 困难的； 令人不快的,,,
vote,vəut,,投票； 表决；票，选票；选举，投票，表决；表决结果，投票总数,,,
steady,'stedi,,稳定；稳的，平稳的；稳定的，持续的；稳固的,,,
enhance,ɪn'hɑːns,,提高， 增加， 加强,,,
enclose,ɪn'kləuz,,围住， 圈起； 附上； 把…装入信封,,,
convention,kən'venʃn,,习俗， 惯例； 公约； 会议,,,
disease,dɪ'ziːz,,病， 疾病； 不健全； 弊端,,,
center,'sentə,,圆心， 正中； 中心,,,
suspicion,sə'spɪʃn,,怀疑， 疑心， 猜疑； 一点儿， 少量,,,
purchase,'pɜːtʃəs,,买，购买；购买； 购买的物品,,,
refusal,rɪ'fjuːzl,,拒绝,,,
technician,tek'nɪʃn,,技术员， 技师,,,
generic,dʒə'nerɪk,,【生物】 属的， 类的； 一般的， 普通的,,,
genius,'dʒiːniəs,,天才， 天赋， 天资； 天才人物,,,
alike,ə'laɪk,,一样地， 相似地； 同样程度地；同样的，相同的,,,
fund,fʌnd,,资金，基金；存款；为…提供资金,,,
gravity,'grævəti,,重力， 引力； 严重性； 严肃， 庄重,,,
typical,'tɪpɪkl,,典型的， 代表性的,,,
quotation,kwəu'teɪʃn,,引文， 引语， 语录； 报价， 牌价， 行情,,,
finance,faɪ'næns; fə'næns,,筹措资金；财政，金融；财源，财务情况,,,
studio,'stjuːdiəu,,画室， 摄影室； 播音室， 录音室， 摄影棚,,,
tray,treɪ,,盘， 托盘， 碟,,,
downward,'daunwəd,,向下地；向下的,,,
cabbage,'kæbɪdʒ,,洋白菜， 卷心菜,,,
regulate,'regjuleɪt,,管理， 控制； 调整， 调节,,,
palm,pɑːm,,手掌， 掌状物； 棕榈树,,,
hydrogen,'haɪdrədʒən,,氢,,,
infant,'ɪnfənt,,婴儿的； 幼稚的；婴儿,,,
hen,hen,,母鸡， 雌禽,,,
whoever,huː'evə,,谁； 无论谁； 究竟是谁,,,
carbon,'kɑːbən,,碳,,,
unload,ˌʌn'ləud,,卸， 卸货； 下客； 退出子弹； 卸下胶卷,,,
payment,'peɪmənt,,支付， 支付的款项,,,
specifically,spə'sɪfɪkli,,特别地， 特定地； 明确地， 具体地,,,
controversial,ˌkɒntrə'vɜːʃl,,引起争论的， 有争议的,,,
attain,ə'teɪn,,达到， 获得， 完成,,,
trap,træp,,陷阱，捕捉器；圈套，诡计；困境；设陷阱捕捉； 诱骗,,,
gallery,'gæləri,,画廊， 美术馆； 楼座； 旁听席； 回廊， 走廊,,,
hardware,'hɑːdweə,,五金器具； 硬件,,,
deputy,'depjuti,,副职， 副手； 代表， 代理人,,,
warmth,wɔːmθ,,暖和， 温暖； 热烈， 热情， 热心,,,
supreme,suː'priːm,,最高的， 最大的； 极度的， 最重要的,,,
ambulance,'æmbjələns,,救护车； 野战医院,,,
priority,praɪ'ɒrəti,,优先， 重点； 优先考虑的事,,,
slope,sləup,,倾斜；倾斜；斜面,,,
philosophy,fə'lɒsəfi,,哲学， 哲理， 人生哲学,,,
preventive,prɪ'ventɪv,,预防性的,,,
creative,kri'eɪtɪv,,创造性的， 创作的,,,
junior,'dʒuːniə,,年少的；资历较浅的；晚辈； 三年级学生,,,
allocate,'æləkeɪt,,分配， 分派， 把…拨给,,,
provide,prə'vaɪd,,提供， 供给,,,
standpoint,'stændpɔɪnt,,立场， 观点,,,
worship,'wɜːʃɪp,,礼拜；崇拜；信奉；崇拜,,,
lawn,lɔːn,,草地， 草坪， 草场,,,
primary,'praɪməri,,首要的， 主要的； 基本的； 最初的， 初级的,,,
log,lɒg,,原木，木料；航海日志；正式记录,,,
solar,'səulə,,太阳的， 日光的； 太阳能的,,,
consume,kən'sjuːm,,消费， 吃完， 喝光； 毁灭； 使着迷， 充满,,,
formation,fɔː'meɪʃn,,形成， 构成， 形成物； 队形， 排列,,,
layer,'leɪə,,层， 层次,,,
triangle,'traɪæŋgl,,三角,,,
accidental,ˌæksɪ'dentl,,偶然的， 意外的,,,
assure,ə'ʃuə,,使确信； 确保， 向…保证,,,
consult,kən'sʌlt,,请教； 查阅； 商议,,,
theme,θiːm,,主题， 题目,,,
smash,smæʃ,,粉碎，打烂；狠打，猛击；破灭，失败；猛撞，猛冲；破碎 ； 猛击， 猛撞； 轰动的演出， 巨大的成功,,,
merely,'mɪəli,,仅仅， 只不过,,,
contradiction,ˌkɒntrə'dɪkʃn,,矛盾， 不一致； 否认， 反驳,,,
fuss,fʌs,,忙乱； 大惊小怪， 小题大做； 烦恼， 过于忧虑,,,
wealth,welθ,,财富， 财产； 丰富,,,
editor,'edɪtə,,编辑， 编者， 校订者,,,
barrel,'bærəl,,桶； 圆筒； 枪管,,,
means,miːnz,,方法， 手段， 工具； 金钱， 财产,,,
desire,dɪ'zaɪə,,渴望；要求；愿望； 欲望,,,
survive,sə'vaɪv,,活下来， 幸存；从…逃出，幸免于；从中挺过来；比…活得长,,,
efficient,ɪ'fɪʃnt,,效率高的； 有能力的,,,
initial,ɪ'nɪʃl,,最初的，开始的；首字母,,,
unfortunately,ʌn'fɔːtʃənətli,,不幸地,,,
consistent,kən'sɪstənt,,坚持的， 一贯的； 一致的， 符合的,,,
reverse,rɪ'vɜːs,,撤销，推翻；反向，倒转；彻底改变；反向的， 相反的， 倒转的；相反，对立面；反面，背面，后面；挫折，逆境,,,
heterogeneity,ˌhetərədʒə'niːəti,,异种， 异质， 不同成分,,,
sword,sɔːd,,剑， 刀,,,
permanent,'pɜːmənənt,,永久的， 固定的,,,
barely,'beəli,,仅仅， 只不过， 几乎不,,,
summarize,'sʌməraɪz,,概括， 概述， 总结,,,
chap,tʃæp,,小伙子， 男人， 家伙,,,
facility,fə'sɪləti,,设备； 容易； 场所,,,
beam,biːm,,梁，横梁；束，柱；笑容，喜色；面露喜色； 定向发出， 播送,,,
alliance,ə'laɪəns,,结盟， 联盟,,,
civilization,ˌsɪvəlaɪ'zeɪʃn,,文明， 文化； 开化,,,
fiction,'fɪkʃn,,小说； 虚构， 杜撰,,,
possession,pə'zeʃn,,有， 所有； 所有物,,,
replace,rɪ'pleɪs,,代替， 取代； 更换， 调换； 把…放回原处,,,
appointment,ə'pɔɪntmənt,,任命； 约定； 约会； 委任的职位,,,
hip,hɪp,,臀部， 髋部,,,
merry,'meri,,欢乐的， 愉快的,,,
dam,dæm,,水坝，水堤；障碍物；筑堤挡住,,,
pessimistic,ˌpesɪ'mɪstɪk,,悲观的,,,
commander,kə'mɑːndə,,司令官， 指挥员,,,
bloom,bluːm,,开花；花，开花，开花期；青春焕发,,,
major,'meɪdʒə,,较大的；主要的；重大的；少校； 专业,,,
zone,zəun,,地区， 区域， 范围,,,
emphasis,'emfəsɪs,,强调； 重点， 重要性,,,
interrupt,ˌɪntə'rʌpt,,打断， 打扰， 中断,,,
feasible,'fiːzəbl,,可行的， 可能的,,,
prescribe,prɪ'skraɪb,,开； 吩咐采用； 规定， 指定,,,
potential,pə'tenʃl,,潜在的，可能的；潜力， 潜能,,,
bean,biːn,,豆， 蚕豆,,,
accustomed,ə'kʌstəmd,,惯常的， 习惯的,,,
combination,ˌkɒmbɪ'neɪʃn,,结合， 联合； 化合,,,
obtain,əb'teɪn,,获得； 通用， 流行； 存在,,,
turbine,'tɜːbaɪn,,叶轮机， 汽轮机,,,
repeatedly,rɪ'piːtɪdli,,一再， 再三， 多次地,,,
curiosity,ˌkjuəri'ɒsəti,,好奇， 好奇心； 奇物， 奇事， 珍品,,,
gross,grəus,,总的； 严重的； 粗俗的； 臃肿的,,,
workshop,'wɜːkʃɒp,,车间， 作坊， 创作室； 研讨会， 讲习班,,,
resist,rɪ'zɪst,,抵抗， 反抗， 抵制； 抗， 耐； 忍住， 拒受…的影响,,,
liter,'liːtə,,升,,,
format,'fɔːmæt,,设计，安排；格式，样式，版式；使格式化,,,
sacrifice,'sækrɪfaɪs,,牺牲，舍身；献祭，供奉；牺牲； 供奉； 祭品,,,
illegal,ɪ'liːgl,,不合法的， 非法的,,,
stimulate,'stɪmjuleɪt,,刺激， 激励， 激发,,,
formal,'fɔːml,,正式的， 礼仪上的,,,
congratulate,kən'grætʃuleɪt,,祝贺， 向…道喜,,,
rainbow,'reɪnbəu,,虹， 彩虹,,,
soak,səuk,,浸， 泡,,,
soar,sɔː,,猛增， 剧增； 高飞， 升腾； 高涨； 高耸， 屹立,,,
salesman,'seɪlzmən,,售货员， 推销员,,,
interference,ˌɪntə'fɪərəns,,干涉， 干预， 阻碍,,,
fibre,'faɪbə,,纤维， 纤维质,,,
sustain,sə'steɪn,,保持， 使持续下去； 供养， 维持； 支持， 支撑； 经受， 遭受,,,
entertain,ˌentə'teɪn,,使欢乐； 招待， 请客,,,
altitude,'æltɪtjuːd,,海拔， 高度； 高处,,,
classify,'klæsɪfaɪ,,把…分类， 把…分级,,,
ease,iːz,,容易；舒适；缓和,,,
critical,'krɪtɪkl,,决定性的； 批评的,,,
colony,'kɒləni,,殖民地； 侨居地， 聚居地； 群体， 集群,,,
mathematics,ˌmæθə'mætɪks,,数学,,,
wagon,'wægən,,四轮马车， 大篷车； 铁路货车， 客货两用车,,,
elsewhere,ˌels'weə,,在别处， 向别处,,,
penetrate,'penɪtreɪt,,透入， 渗入， 进入； 刺穿； 洞察， 了解,,,
principal,'prɪnsəpl,,最重要的，主要的；负责人， 校长； 资本， 本金； 主要演员， 主角,,,
tend,tend,,照管， 照料， 护理；易于，往往会；趋向，倾向,,,
exceedingly,ɪk'siːdɪŋli,,极端地， 非常,,,
specimen,'spesɪmən,,样本， 标本， 样品,,,
relief,rɪ'liːf,,轻松， 宽慰； 缓解； 调剂， 消遣； 接替,,,
dimension,dɪ'menʃn; daɪ'menʃn,,尺寸， 尺度； 方面， 特点； 面积， 规模,,,
introduction,ˌɪntrə'dʌkʃn,,介绍， 引进； 引言,,,
deserve,dɪ'zɜːv,,应受， 值得,,,
process,'prəuses,,过程；制作法；程序；加工； 办理,,,
philosopher,fə'lɒsəfə,,哲学家， 哲人,,,
restore,rɪ'stɔː,,恢复， 使回复； 修复， 整修； 归还， 交还,,,
therapy,'θerəpi,,治疗， 理疗,,,
alternative,ɔːl'tɜːnətɪv,,两者选一的， 供选择的； 另类的；替换物，选择；选择的自由,,,
banner,'bænə,,横幅； 旗， 旗帜,,,
concentration,ˌkɒnsn'treɪʃn,,集中； 专注， 专心； 浓缩， 浓度,,,
encounter,ɪn'kauntə,,遭遇，遇到；遭遇,,,
soda,'səudə,,碳酸钠， 纯碱； 汽水， 苏打水,,,
colleague,'kɒliːg,,同事， 同僚,,,
gratitude,'grætɪtjuːd,,感激， 感谢， 感恩,,,
approve,ə'pruːv,,赞成， 称许； 批准,,,
interaction,ˌɪntər'ækʃn,,相互作用， 干扰,,,
chew,tʃuː,,咀嚼， 嚼碎,,,
interfere,ˌɪntə'fɪə,,干涉， 干预， 妨碍,,,
apartment,ə'pɑːtmənt,,一套公寓房间,,,
account,ə'kaunt,,说明原因； 占；记述；解释；账目,,,
uneasy,ʌn'iːzi,,心神不安的， 忧虑的,,,
tolerate,'tɒləreɪt,,忍受， 容忍； 容许， 承认,,,
developmental,dɪˌveləp'mentl,,发展的,,,
stack,stæk,,堆，垛；堆积， 堆放于,,,
underline,ˌʌndə'laɪn,,在…下面画线； 强调， 使…突出,,,
innocent,'ɪnəsnt,,清白的； 幼稚的； 没有恶意的,,,
compassion,kəm'pæʃn,,同情， 怜悯,,,
alphabet,'ælfəb3t,,字母表， 字母系统,,,
parliament,'pɑːləmənt,,议会， 国会,,,
evaluation,ɪˌvælju'eɪʃn,,评价； 估计,,,
crack,kræk,,爆裂； 噼啪地响； 打， 击；裂缝，裂纹；破裂声,,,
bind,baɪnd,,捆绑， 包扎； 装订； 约束； 使结合， 使黏合,,,
trim,trɪm,,整齐的；使整齐,,,
appreciate,ə'priːʃieɪt,,重视， 赏识； 领会， 体会； 感谢； 增值,,,
dental,'dentl,,牙齿的， 牙科的,,,
predictable,prɪ'dɪktəbl,,可预料的,,,
diverse,daɪ'vɜːs,,不一样的， 相异的； 多种多样的,,,
railway,'reɪlweɪ,,铁路,,,
cube,kjuːb,,清澈透明的；立方形，立方,,,
rally,'ræli,,集合， 团结； 恢复， 重新振作；集会；公路汽车赛,,,
prime,praɪm,,首要的；最好的；青春；全盛时期；使准备好,,,
happen,'hæpən,,发生； 碰巧， 恰好,,,
festival,'festɪvl,,节日； 音乐节,,,
mild,maɪld,,温柔的； 温暖的； 轻微的,,,
profile,'prəufaɪl,,侧面；人物简介；轮廓，形象；姿态，引人注目的状态；为…描绘； 写…的传略,,,
loyal,'lɔɪəl,,忠诚的， 忠心的,,,
preference,'prefrəns,,喜爱， 偏爱； 偏爱的事物； 优先,,,
impact,'ɪmpækt,,影响， 作用， 冲击,,,
opportunity,ˌɒpə'tjuːnəti,,机会， 良机,,,
active,'æktɪv,,活跃的， 积极的； 主动的； 起作用的,,,
dorm,dɔːm,,宿舍,,,
whichever,wɪtʃ'evə,,无论哪个， 无论哪些,,,
court,kɔːt,,法院， 法庭； 庭院； 宫廷； 球场,,,
venture,'ventʃə,,冒险， 敢于；风险投资，风险项目,,,
mill,mɪl,,磨， 碾；磨坊；碾磨机；制造厂，工厂,,,
bucket,'bʌkɪt,,水桶， 吊桶； 铲斗,,,
senior,'siːniə,,资格较老的，地位较高的；年长的；较年长者； 毕业班学生,,,
dose,dəus,,剂量， 用量， 一剂,,,
route,ruːt,,路线， 路程,,,
enthusiasm,ɪn'θjuːziæzəm,,热情， 热心， 热忱； 巨大兴趣,,,
flexible,'fleksəbl,,易弯曲的， 灵活的,,,
adult,'ædʌlt; ə'dʌlt,,成年的； 成年人的， 适宜于成年人的；成年人,,,
attitude,'ætɪtjuːd,,态度， 看法； 姿势,,,
relative,'relətɪv,,有关系的，相对的；亲属， 亲戚,,,
organ,'ɔːgən,,器官； 机构； 管风琴； 新闻媒介,,,
average,'ævərɪdʒ,,平均的；平常的；平均；平均数，平均,,,
treatment,'triːtmənt,,待遇； 治疗， 疗法； 对待， 处理,,,
compare,kəm'peə,,比较， 对照； 把…比作,,,
pluralism,'pluərəlɪzəm,,多重性； 兼职， 兼任,,,
influential,ˌɪnflu'enʃl,,有影响的； 有权势的,,,
shiver,'ʃɪvə,,战栗， 颤抖,,,
Bible,'baɪbl,,圣经,,,
liquor,'lɪkə,,酒， 烈性酒,,,
honourable,'ɒnərəbl,,光荣的； 可敬的； 正直的,,,
characteristic,ˌkærəktə'rɪstɪk,,特有的，典型的；特性,,,
transparent,træns'pærənt,,透明的； 易识破的； 明显的， 清楚的,,,
interior,ɪn'tɪəriə,,内部的；内地的；内部,,,
rouse,rauz,,惊起； 唤起； 唤醒,,,
journal,'dʒɜːnl,,日报， 杂志， 日志,,,
grasp,grɑːsp,,抓紧，握紧；理解；抓； 理解,,,
involvement,ɪn'vɒlvmənt,,连累； 包含,,,
spark,spɑːk,,发出火花；火花，火星,,,
unlike,ˌʌn'laɪk,,不同的；不像…,,,
assembly,ə'sembli,,立法机构； 议会； 集合； 集会的人们； 装配， 组装,,,
hearing,'hɪərɪŋ,,听力， 听觉； 听力所及之距离； 意见听取会； 申辩的机会,,,
acquisition,ˌækwɪ'zɪʃn,,取得， 获得， 习得； 获得物， 增添的人,,,
volcano,vɒl'keɪnəu,,火山,,,
rigid,'rɪdʒɪd,,严格的； 死板的； 刚硬的， 僵硬的,,,
deadline,'dedlaɪn,,最后期限,,,
so-called,ˌsəu'kɔːld,,所谓的， 号称的,,,
grateful,'greɪtful,,感激的； 令人愉快的,,,
chip,tʃɪp,,屑片， 碎片； 炸土豆条； 集成电路片， 集成块； 缺口， 瑕疵,,,
chin,tʃɪn,,颏， 下巴,,,
emotional,ɪ'məuʃənl,,感情的， 情绪的,,,
operational,ˌɒpə'reɪʃənl,,运转的； 可使用的； 操作上的,,,
staff,stɑːf,,工作人员；参谋；为…配备人员,,,
involve,ɪn'vɒlv,,使卷入， 牵涉； 包含， 含有,,,
noticeable,'nəutɪsəbl,,显而易见的,,,
assemble,ə'sembl,,集合， 召集； 装配,,,
blast,blɑːst,,爆炸，冲击波；一阵；炸,,,
series,'sɪəriːz,,一系列， 连续； 丛书， 连续剧,,,
complicated,'kɒmplɪkeɪtɪd,,复杂的， 难懂的,,,
cultivate,'kʌltɪveɪt,,耕作， 种植； 培养， 陶冶,,,
maximum,'mæksɪməm,,最大的， 最高的， 顶点的；最大量，顶点,,,
thrive,θraɪv,,兴旺， 繁荣， 旺盛,,,
purse,pɜːs,,钱包， 女用小提包,,,
represent,ˌreprɪ'zent,,作为…的代表； 表示， 象征； 描绘， 表现,,,
compete,kəm'piːt,,比赛， 竞争， 对抗,,,
dialect,'daɪəlekt,,方言， 土语， 地方话,,,
accountant,ə'kauntənt,,会计人员， 会计师,,,
stocking,'stɒkɪŋ,,长袜,,,
dim,dɪm,,昏暗的；朦胧的；模糊不清的；变暗淡,,,
emergency,i'mɜːdʒənsi,,紧急情况， 突然事件,,,
dip,dɪp,,蘸，浸；游一会儿泳,,,
recreational,ˌrekri'eɪʃənl,,休养的； 娱乐的,,,
faculty,'fæklti,,才能， 能力； 系， 科； 全体教员,,,
trail,treɪl,,痕迹，小径；跟踪， 追踪,,,
passport,'pɑːspɔːt,,护照,,,
prior,'praɪə,,在前的； 优先的,,,
considerate,kən'sɪdərət,,考虑周到的， 体贴的， 体谅的,,,
clue,kluː,,线索， 暗示， 提示,,,
legal,'liːgl,,法律的； 合法的,,,
bracket,'brækɪt,,括号；把…归为同一类,,,
highway,'haɪweɪ,,公路， 大路,,,
vanish,'vænɪʃ,,突然不见， 消失； 不复存在， 绝迹,,,
signal,'sɪgnəl,,显著的， 重大的；信号，暗号；标志，表示；发信号；标志着,,,
sightseeing,'saɪtsiːɪŋ,,观光， 游览,,,
parcel,'pɑːsl,,包裹，小包，邮包；分， 分配； 把…包起来， 捆扎,,,
static,'stætɪk,,静的，静态的；静止的，停滞的；静电,,,
journey,'dʒɜːni,,旅行；旅行，旅程,,,
planet,'plænɪt,,行星,,,
finally,'faɪnəli,,最后； 决定性地,,,
exhaust,ɪg'zɔːst,,使筋疲力尽；用尽；详尽论述；排气装置； 废气,,,
creep,kriːp,,爬行， 缓慢地行进,,,
strap,stræp,,带子；捆扎； 用绷带包扎,,,
grape,greɪp,,葡萄， 葡萄藤,,,
conviction,kən'vɪkʃn,,确信； 坚定的信仰； 说服， 信服； 定罪， 判罪,,,
scholar,'skɒlə,,学者； 奖学金获得者,,,
straw,strɔː,,稻草； 麦秆吸管， 吸管,,,
regarding,rɪ'gɑːdɪŋ,,关于,,,
graph,græf,,图， 图表,,,
vision,'vɪʒn,,想象力； 梦幻； 视力， 视觉,,,
accompany,ə'kʌmpəni,,陪伴， 陪同， 伴随； 为…伴奏,,,
petrol,'petrəl,,汽油,,,
acceptance,ək'septəns,,接受； 承认； 容忍,,,
relativity,ˌrelə'tɪvəti,,相对论； 相关性,,,
beneficial,ˌbenɪ'fɪʃl,,有利的， 有益的,,,
tackle,'tækl,,对付，处理；与…交涉；阻截，擒抱；阻截， 擒抱； 用具， 钓具； 辘轳， 滑车,,,
reckon,'rekən,,认为， 估计； 指望， 盼望； 测算， 测量,,,
confusion,kən'fjuːʒn,,困惑， 糊涂； 混淆； 骚乱,,,
occasion,ə'keɪʒn,,场合，时刻；重大活动；时机；起因；引起,,,
loan,ləun,,贷款， 借,,,
virtual,'vɜːtʃuəl,,实质上的， 事实上的， 实际上的,,,
squeeze,skwiːz,,挤；压榨，榨取；捏，握；挤； 握手； 拮据， 紧缺,,,
blank,blæŋk,,空白的；茫然的，无表情的；空白； 空白表格,,,
landlord,'lændlɔːd,,地主， 房东； 店主,,,
session,'seʃn,,会议， 一届会期； 集会,,,
additional,ə'dɪʃənl,,附加的， 追加的,,,
worthy,'wɜːði,,有价值的， 值得的,,,
endless,'endləs,,无止境的,,,
expectation,ˌekspek'teɪʃn,,期待， 期望， 预期； 前程， 成功的前景,,,
title,'taɪtl,,标题， 题目； 称号， 头衔； 权利， 权益,,,
mist,mɪst,,蒙上薄雾； 模糊；薄雾,,,
primarily,'praɪmərəli; praɪ'merəli,,首先； 主要地,,,
duration,dju'reɪʃn,,持续， 持久,,,
plantation,plɑːn'teɪʃn,,种植园， 人工林,,,
ignore,ɪg'nɔː,,不顾， 不理， 忽视,,,
loaf,ləuf,,游荡， 闲逛；面包,,,
nuclear,'njuːkliə,,核子的， 核能的， 核武器的； 核心的,,,
reception,rɪ'sepʃn,,招待会， 欢迎会； 接受； 接待； 接收效果,,,
outward,'autwəd,,外面的； 外表的； 向外的,,,
bloody,'blʌdi,,[用于加强语气]非常，很；[用于加强语气]非常的；该死的；流血的；嗜杀的；血染,,,
poetry,'pəuətri,,诗， 诗歌， 诗集,,,
owner,'əunə,,物主， 所有人,,,
vapour,'veɪpə,,蒸汽,,,
sole,səul,,单独的， 唯一的；脚底，鞋底，袜底,,,
jury,'dʒuəri,,陪审团； 评奖团,,,
holy,'həuli,,神圣的， 圣洁的， 虔诚的,,,
spelling,'spelɪŋ,,拼字， 拼法， 拼写法,,,
relax,rɪ'læks,,放松， 松弛； 放宽， 缓和,,,
priest,priːst,,神父， 牧师,,,
monitor,'mɒnɪtə,,班长；监视器，检测器；显示器；监听； 检测,,,
permission,pə'mɪʃn,,允许， 许可， 准许,,,
grand,grænd,,宏伟的； 重大的； 傲慢的； 派头大的； 绝佳的； 全部的,,,
schedule,'ʃedjuːl,,时刻表，日程安排表；清单，明细表；安排， 排定,,,
postage,'pəustɪdʒ,,邮费， 邮资,,,
tame,teɪm,,驯服的，顺从的；沉闷的，乏味的；制服， 控制并利用； 驯化， 驯服,,,
material,mə'tɪəriəl,,物质的， 实体的； 肉体的； 重要的， 实质性的；材料，素材,,,
universe,'juːnɪvɜːs,,宇宙， 世界； 领域， 范围,,,
interpret,ɪn'tɜːprɪt,,解释， 说明； 口译,,,
spectacular,spek'tækjələ,,壮观的，引人注目的；壮观的演出； 惊人之举,,,
inherit,ɪn'herɪt,,成为继承人；继承,,,
peculiar,pɪ'kjuːliə,,奇怪的， 古怪的； 特有的,,,
blanket,'blæŋkɪt,,毛毯， 毯子， 羊毛毯,,,
grant,grɑːnt,,授予物；补助金；授予， 给予； 同意,,,
injection,ɪn'dʒekʃn,,注射， 注入； 充满,,,
envy,'envi,,妒忌，羡慕；妒忌的对象；妒忌， 羡慕,,,
hut,hʌt,,小屋， 棚屋,,,
invincible,ɪn'vɪnsəbl,,不能征服的， 无敌的,,,
discount,'dɪskaʊnt,,折扣；将…打折扣； 不信； 漠视， 低估,,,
convert,kən'vɜːt,,转变， 转化； 改变,,,
construct,kən'strʌkt,,建造； 构思；建筑物； 构想， 观念,,,
attempt,ə'tempt,,尝试， 试图， 努力,,,
thick,θɪk,,厚厚地；厚的，密的，浓的；不清楚的，口音重的,,,
superficial,ˌsjuːpə'fɪʃl,,表面的， 肤浅的,,,
division,dɪ'vɪʒn,,分， 分配； 除法； 分歧； 分裂,,,
executive,ɪg'zekjətɪv,,执行的；执行者,,,
navigation,ˌnævɪ'geɪʃn,,航行， 航海， 航空； 导航， 领航,,,
melt,melt,,融化； 熔化； 消散,,,
hook,huk,,钩住；钩，挂钩,,,
stale,steɪl,,不新鲜的； 陈腐的， 过时的,,,
balance,'bæləns,,使平衡；称；权衡，比较；天平； 平衡； 结存， 结欠,,,
cigar,sɪ'gɑː,,雪茄烟,,,
action,'ækʃn,,行动； 已做的事； 作用， 功能； 情节,,,
stadium,'steɪdiəm,,运动场， 体育场,,,
whereas,weər'æz,,然而， 但是， 尽管,,,
pitch,pɪtʃ,,投， 掷； 架设， 搭， 营； 颠簸；球场；程度，强度；高度；音高；沥青；投掷；使猛然倒下；表达；把…定于特定程度；定调,,,
kindness,'kaɪndnəs,,仁慈， 好意,,,
adoptive,ə'dɒptɪv,,收养关系的； 采用的,,,
chop,tʃɒp,,砍，劈；切细；排骨,,,
electrical,ɪ'lektrɪkl,,电的， 电气科学的,,,
statue,'stætʃuː,,塑像， 雕像， 铸像,,,
being,'biːɪŋ,,存在； 生物， 生命,,,
sensitive,'sensətɪv,,敏感的， 灵敏的， 神经过敏的； 容易生气的， 易受伤害的,,,
protest,prəˈtest;ˈprəʊtest,,抗议， 反对；抗议， 反对,,,
classification,ˌklæsɪfɪ'keɪʃn,,分类， 分级， 分类法； 类别， 级别,,,
vacant,'veɪkənt,,空的， 未被占用的； 空缺的； 茫然的， 空虚的,,,
physicist,'fɪzɪsɪst,,物理学家,,,
afford,ə'fɔːd,,担负得起； 提供,,,
underground,'ʌndəgraund,,在地下，往地下；秘密地，不公开地；地下的；秘密的，不公开的；地铁； 地下组织,,,
curse,kɜːs,,诅咒，咒骂；天谴； 祸害， 祸根,,,
impression,ɪm'preʃn,,印象； 印记,,,
baseball,'beɪsbɔːl,,棒球,,,
interval,'ɪntəvl,,间隔， 间距； 幕间休息,,,
evaluate,ɪ'væljueɪt,,评价； 估…的价,,,
machinery,mə'ʃiːnəri,,机器， 机械,,,
status,'steɪtəs,,地位， 身份； 情形， 状况,,,
shield,ʃiːld,,防护物，护罩；盾；保护， 防护,,,
upset,ʌp'set,,心烦的， 苦恼的； 不适的；使心烦意乱，使苦恼，使不适；搅乱；弄翻，倾覆；翻倒；搅乱；不安；不适,,,
inference,'ɪnfərəns,,推断结果， 结论； 推论， 推理， 推断,,,
curve,kɜːv,,弯曲；曲线，弯，弯曲处,,,
dot,dɒt,,点，圆点；打点于,,,
skim,skɪm,,撇去， 掠过， 擦过； 浏览， 略读,,,
phenomenon,fə'nɒmɪnən,,现象,,,
notify,'nəutɪfaɪ,,通知， 告知， 报告,,,
mention,'menʃn,,提及， 说起,,,
stream,striːm,,流出， 涌出；河，溪流；一股，一串,,,
laundry,'lɔːndri,,洗衣房， 洗衣店； 待洗的衣服， 洗好的衣服,,,
accumulate,ə'kjuːmjəleɪt,,积累， 堆积,,,
crime,kraɪm,,罪， 罪行， 犯罪,,,
heave,hiːv,,起伏，隆起；呕吐，恶心；举起，提起，拉起，拖；扔；发出；举起； 起伏， 升降,,,
leisure,'leʒə,,空闲时间； 悠闲,,,
nourish,'nʌrɪʃ,,提供养分， 养育,,,
surround,sə'raund,,围， 围绕； 圈住,,,
mat,mæt,,席子， 垫子,,,
cigarette,ˌsɪgə'ret,,香烟， 纸烟， 卷烟,,,
torch,tɔːtʃ,,火炬， 火把； 手电筒,,,
positive,'pɔzətɪv,,确实的， 明确的； 积极的， 肯定的,,,
favourite,'feɪvərɪt,,特别受喜爱的；特别受喜爱的人,,,
menu,'menjuː,,菜单,,,
prospect,'prɒspekt,,勘探， 勘察；前景， 前途， 可能性； 景象， 景色； 可能成为主顾的人； 有希望的候选人,,,
radar,'reɪdɑː,,雷达,,,
refugee,ˌrefju'dʒiː,,难民,,,
aluminium,ˌæljə'mɪniəm,,铝,,,
comparable,'kɒmpərəbl,,可比较的； 类似的； 比得上的,,,
specialize,'speʃəlaɪz,,成为…专家； 专攻,,,
rotate,rəu'teɪt,,旋转， 转动； 轮流,,,
instance,'ɪnstəns,,例子， 实例， 事例,,,
opera,'ɒprə,,歌剧,,,
presumably,prɪ'zjuːməbli,,大概， 可能， 据推测,,,
conscience,'kɒnʃəns,,良心， 道德心,,,
subject,ˈsʌbdʒɪkt;(for adj.)ˈsʌbdʒɪkt;(for v.)səbˈdʒekt,,题目； 学科； 主语；使隶属,,,
practically,'præktɪkli,,几乎， 简直； 实际上,,,
recognition,ˌrekəg'nɪʃn,,认出， 识别； 承认； 赏识， 表彰， 报偿,,,
cassette,kə'set,,盒式录音带,,,
blade,bleɪd,,刀刃， 刀片， 叶片,,,
arrangement,ə'reɪndʒmənt,,整理， 排列， 安排； 准备工作,,,
revenue,'revənjuː,,收入， 收益； 税收， 岁入,,,
strip,strɪp,,脱光衣服；剥夺，夺去；条带,,,
solution,sə'ljuːʃn,,解决； 解决办法； 溶液,,,
continuous,kən'tɪnjuəs,,连续不断的； 延伸的,,,
opponent,ə'pəunənt,,对手， 敌手， 对抗者,,,
accelerate,ək'seləreɪt,,使加快， 使增速,,,
backward,'bækwəd,,[-]倒； 向后， 往回；向后的，倒的；落后的，进步慢的,,,
grain,greɪn,,谷物， 谷粒； 颗粒； 少量， 微量,,,
maid,meɪd,,女仆， 侍女,,,
residence,'rezɪdəns,,住处， 住宅； 居住； 居住资格,,,
credit,'kredɪt,,信贷，赊欠；赞扬，荣誉；学分；信任；相信； 把…记入贷方； 把…归于,,,
regardless,rɪ'gɑːdləs,,不顾后果地； 不管怎样， 无论如何,,,
oxygen,'ɒksɪdʒən,,氧， 氧气,,,
intensive,ɪn'tensɪv,,加强的； 精深的， 透彻的； 精耕细作的,,,
alter,'ɔːltə,,改变， 变更， 变动,,,
combine,kəm'baɪn,,结合， 联合； 化合；联合企业； 联合收割机,,,
ideal,aɪ'diːəl,,理想的；观念的；空想的；理想； 理想的东西,,,
bearing,'beərɪŋ,,举止， 风度； 方位， 方向感； 影响,,,
illustrate,'ɪləstreɪt,,说明,,,
occur,ə'kɜː,,发生， 出现， 存在； 被想起， 被想到,,,
comedy,'kɒmədi,,喜剧， 喜剧性,,,
broom,bruːm,,扫帚,,,
establishment,ɪ'stæblɪʃmənt,,建立， 设立， 确立； 企业； 当权人物,,,
pressure,'preʃə,,压，压强；压迫；对…施加压力， 迫使,,,
breeze,briːz,,飘然而行；微风，和风,,,
trash,træʃ,,垃圾，废物；拙劣的文学作品；没用的人，社会渣滓，败类；捣毁， 破坏,,,
painter,'peɪntə,,漆工； 画家,,,
millimetre,'mɪliˌmiːtə,,毫米,,,
horn,hɒːn,,角； 号角； 警报器,,,
specialist,'speʃəlɪst,,专家,,,
infer,ɪn'fɜː,,推论， 推断； 猜想,,,
compass,'kʌmpəs,,罗盘， 指南针； 圆规； 界限， 范围,,,
background,'bækgraund,,出身背景， 经历； 背景资料； 背景， 底子,,,
sore,sɔː,,痛的；恼火的；急剧的，剧烈的；疮， 痛处,,,
dispose,dɪ'spəuz,,处理， 解决； 使倾向于,,,
glow,gləu,,发白热光；白热光；脸红；激情,,,
curtain,'kɜːtn,,门帘， 窗帘； 幕,,,
laughter,'lɑːftə,,笑， 笑声,,,
constitution,ˌkɒnstɪ'tjuːʃn,,宪法， 章程； 组成； 设立,,,
blend,blend,,混合,,,
certificate,sə'tɪfɪkət,,证书， 证件， 执照,,,
mess,mes,,凌乱状态，混乱的局面；困境；弄糟， 弄脏， 搞乱,,,
sour,'sauə,,酸的；馊的，酸味的；脾气坏的；变酸， 变馊； 变得乖戾,,,
delete,dɪ'liːt,,删除， 擦掉,,,
nonsense,'nɒnsns,,胡说， 废话； 冒失的行动,,,
stain,steɪn,,玷污；给…着色；污点， 污迹,,,
transform,træns'fɔːm,,使改观， 改革； 变换， 把…转换成,,,
leadership,'liːdəʃɪp,,领导,,,
genuine,'dʒenjuɪn,,真的， 真正的； 真诚的,,,
X-ray,'eks'reɪ,,X射线， X光,,,
physical,'fɪzɪkl,,身体的； 物理的； 物质的， 有形的,,,
fulfil,ful'fɪl,,履行， 实现， 完成； 满足， 使满意,,,
wicked,'wɪkɪd,,坏的， 令人厌恶的； 淘气的， 顽皮的,,,
spokesman,'spəuksmən,,发言人,,,
equation,ɪ'kweɪʒn,,方程， 等式,,,
impressive,ɪm'presɪv,,给人深刻印象的,,,
compound,'kɒmpaʊnd,,复合的， 化合的；化合物，复合物；复合词；使恶化， 加重； 使化合， 使合成,,,
structure,'strʌktʃə,,结构，构造；建造,,,
intensity,ɪn'tensəti,,强烈， 剧烈； 强度,,,
waken,'weɪkən,,醒来， 弄醒,,,
stake,steɪk,,桩；利害关系；股份；赌金，赌注；以…打赌， 拿…冒险,,,
extraordinary,ɪk'strɔːdnri,,非同寻常的， 特别的,,,
witness,'wɪtnəs,,证据；目击者，证人；目击； 为…作证， 证明,,,
concerning,kən'sɜːnɪŋ,,关于,,,
attraction,ə'trækʃn,,吸引， 吸引力； 引力； 具有吸引力的事物,,,
conventional,kən'venʃənl,,普通的； 习惯的， 常规的； 因循守旧的,,,
regulation,ˌregju'leɪʃn,,规章， 规则； 管理， 控制； 调节,,,
puzzle,'pʌzl,,迷惑，为难；苦思；智力测验； 谜， 难题， 令人费解的事； 困惑， 迷惑,,,
circulation,ˌsɜːkjə'leɪʃn,,循环； 流传； 发行， 流通,,,
bake,beɪk,,烤， 烘， 焙,,,
mere,mɪə,,仅仅的； 纯粹的,,,
accommodation,əˌkɒmə'deɪʃn,,住处； 膳宿,,,
evident,'evɪdənt,,明显的， 明白的,,,
suburb,'sʌbɜːb,,郊区， 郊外， 近郊,,,
lodge,lɒdʒ,,暂住，借宿；乡间小屋； 旅舍,,,
threat,θret,,威胁， 恐吓； 凶兆， 征兆,,,
writer,'raɪtə,,作者， 作家,,,
simplify,'sɪmplɪfaɪ,,简化， 使简明,,,
breast,brest,,乳房； 胸脯， 胸膛,,,
invention,ɪn'venʃn,,发明， 创造； 捏造,,,
mercy,'mɜːsi,,仁慈， 宽容； 恩惠； 幸运,,,
annoy,ə'nɔɪ,,使恼怒； 打搅,,,
curl,kɜːl,,鬈发； 卷曲， 卷曲物,,,
inform,ɪn'fɔːm,,告发， 告密；通知；报告,,,
psychological,ˌsaɪkə'lɒdʒɪkl,,心理的,,,
glue,gluː,,胶，胶水；胶合,,,
commit,kə'mɪt,,犯， 干； 使承诺； 把…托付给； 调拨…供使用， 拨出,,,
scream,skriːm,,尖叫，呼啸；尖叫声,,,
sorrow,'sɒrəu,,悲痛， 悲哀， 悲伤； 伤心事， 不幸的事,,,
crash,kræʃ,,发出撞击声；垮台，破产；冲，闯；碰撞；坠落；碰撞； 破裂声,,,
patch,pætʃ,,补丁；斑，与周围不同的部分；一小块地；补， 修补,,,
observer,əb'zɜːvə,,观察员， 观察者,,,
character,'kærəktə,,性格， 特性； 性质； 人物， 角色； 符号； 字,,,
reflect,rɪ'flekt,,反映， 显示； 反射， 映现； 深思， 考虑， 反省,,,
procession,prə'seʃn,,队伍， 行列,,,
contribution,ˌkɒntrɪ'bjuːʃn,,贡献， 促成作用； 捐款， 捐献物； 稿件,,,
Marxist,'mɑːksɪst,,马克思主义的；马克思主义者,,,
bang,bæŋ,,猛击， 猛撞； 发出砰的一声， 砰砰地响；巨响，枪声；猛击；猛击，猛撞；砰地敲,,,
brow,brau,,额， 眉， 眉毛,,,
meaning,'miːnɪŋ,,意义， 意思； 目的； 重要性,,,
ignorant,'ɪgnərənt,,不知道的， 无知的,,,
magnetic,mæg'netɪk,,磁的； 有吸引力的,,,
band,bænd,,乐队；群，伙；带；条纹；波段；用带绑扎,,,
orbit,'ɔːbɪt,,轨道；做轨道运行,,,
comprise,kəm'praɪz,,包含， 包括， 构成,,,
moderate,'mɒd(ə)rət,,中等的； 温和的， 稳健的； 有节制的；和缓， 减轻； 节制,,,
resident,'rezɪdənt,,居住的， 定居的； 住校的， 住院的；居民，定居者；住院医生,,,
spray,spreɪ,,喷， 溅散；浪花，水花；喷雾,,,
distinguish,dɪ'stɪŋgwɪʃ,,区别， 辨别， 识别； 使显出特色， 使杰出,,,
receiver,rɪ'siːvə,,听筒； 接收器,,,
outer,'autə,,外面的， 外层的,,,
invent,ɪn'vent,,发明， 创造； 捏造,,,
fluent,'fluːənt,,流利的， 流畅的,,,
shortcoming,'ʃɔːtkʌmɪŋ,,短处， 缺点,,,
substantial,səb'stænʃl,,可观的， 大量的； 结实的， 坚固的； 实质的， 真实的,,,
execute,'eksɪkjuːt,,将…处死； 实施， 执行,,,
benefit,'benɪfɪt,,有益于； 得益；利益，恩惠；救济金，保险金，津贴,,,
flood,flʌd,,淹没； 涌入；洪水；大量,,,
vitamin,'vɪtəmɪn,,维生素,,,
intention,ɪn'tenʃn,,意图， 意向， 目的,,,
rude,ruːd,,粗鲁的， 不礼貌的； 粗糙的， 粗陋的,,,
symptom,'sɪmptəm,,症状； 征候， 征兆,,,
pillar,'pɪlə,,柱， 柱子； 栋梁,,,
thereby,ˌðeə'baɪ,,因此， 从而， 由此,,,
unique,ju'niːk,,唯一的， 独一无二的； 极不寻常的， 极好的,,,
funeral,'fjuːnərəl,,葬礼， 丧礼， 丧葬,,,
boost,buːst,,提高，使增长；推动，激励；替…做广告，宣扬；提高， 增长； 推动， 激励,,,
fireman,'faɪəmən,,消防队员； 司炉工,,,
sincere,sɪn'sɪə,,真诚的， 诚挚的,,,
male,meɪl,,男的，雄的；男子， 雄性动物,,,
ministry,'mɪnɪstri,,部,,,
religious,rɪ'lɪdʒəs,,宗教的； 笃信宗教的， 虔诚的,,,
nevertheless,ˌnevəðə'les,,仍然， 然而,,,
prominent,'prɒmɪnənt,,突出的， 杰出的； 突起的， 凸出的,,,
shelter,'ʃeltə,,掩蔽处，躲避处；住所；掩蔽，保护；掩蔽， 庇护； 躲避,,,
outset,'autset,,开始， 开端,,,
jewel,'dʒuːəl,,宝石； 宝石饰物,,,
scan,skæn,,细看，审视；扫描，浏览；扫描,,,
association,əˌsəusi'eɪʃn,,协会， 团体； 联合， 交往,,,
fundamental,ˌfʌndə'mentl,,基础的，基本的；基本原则,,,
eliminate,ɪ'lɪmɪneɪt,,消灭， 消除， 排除； 淘汰,,,
global,'gləubl,,全球的， 全世界的； 总的， 完整的,,,
entitle,ɪn'taɪtl,,给…权利； 给题名,,,
outline,'autlaɪn,,提纲，要点；外形，略图；概述； 描…外形,,,
fade,feɪd,,褪色；逐渐消失；凋谢；使褪色,,,
unless,ən'les,,除非， 如果不,,,
butterfly,'bʌtəflaɪ,,蝴蝶,,,
excess,ɪk'ses; ek-; 'ekses,,过量的， 额外的；超越； 过量， 过度,,,
glance,glɑːns,,看一下；一瞥；用扫视； 反射,,,
perspective,pə'spektɪv,,视角， 观点； 远景， 景观； 透视画法， 透视图,,,
relationship,rɪ'leɪʃnʃɪp,,关系， 关联,,,
equality,iː'kwɒləti,,等同， 平等， 相等,,,
destruction,dɪ'strʌkʃn,,破坏， 毁灭， 消灭,,,
dictation,dɪk'teɪʃn,,口授； 听写,,,
stiff,stɪf,,极其， 非常； 僵硬地；硬的，僵直的；不灵活的；拘谨的，生硬的；费劲的；强烈的,,,
expression,ɪk'spreʃn,,词语； 表达； 表情,,,
invade,ɪn'veɪd,,入侵， 侵略， 侵袭,,,
reaction,ri'ækʃn,,反应； 反作用,,,
childhood,'tʃaɪldhud,,童年， 幼年， 早期,,,
wolf,wulf,,狼,,,
accordance,ə'kɔːdns,,一致； 和谐,,,
thorough,'θʌrə,,彻底的， 详尽的,,,
appeal,ə'piːl,,呼吁，恳求；申诉，上诉；上诉；感染力， 吸引力； 呼吁， 上诉,,,
democracy,dɪ'mɒkrəsi,,民主， 民主制； 民主国家,,,
transportation,ˌtrænspɔː'teɪʃn,,运输， 运送， 客运,,,
dye,daɪ,,染；染料； 染色,,,
evolve,i'vɒlv,,使进化， 使发展,,,
extensive,ɪk'stensɪv,,广阔的， 广泛的,,,
congratulation,kənˌgrætʃu'leɪʃn,,贺词； 祝贺， 恭喜,,,
abandon,ə'bændən,,离弃，丢弃；遗弃，抛弃；放弃；放任； 纵情,,,
definitely,'defɪnətli,,一定地， 明确地,,,
inspire,ɪn'spaɪə,,吸气； 赋予灵感；鼓舞，给…以灵感,,,
marvelous,'mɑːvələs,,奇迹般的， 了不起的,,,
household,'haushəuld,,家庭的； 家喻户晓的；家庭，户；家务,,,
geometry,dʒi'ɒmətri,,几何， 几何学,,,
ratio,'reɪʃiəu,,比， 比率,,,
devote,dɪ'vəut,,将…奉献给； 把…专用,,,
agent,'eɪdʒənt,,代理人， 代理商； 政府代表； 动因， 原因； 剂,,,
wool,wul,,羊毛； 毛线， 绒线,,,
wholly,'həulli,,完全地， 全部地,,,
instinct,'ɪnstɪŋkt,,本能， 天性； 直觉,,,
approximate,ə'prɒksɪmət,,近似的；近似； 估计,,,
invest,ɪn'vest,,投资， 投入； 授予,,,
afterward,'ɑːftəwəd,,后来， 以后,,,
reputation,ˌrepju'teɪʃn,,名誉， 名气， 名声,,,
project,prəˈdʒekt; ˈprɒdʒekt,,伸出； 投射； 预计；方案， 计划； 课题， 项目； 工程,,,
shrug,ʃrʌg,,耸肩,,,
independence,ˌɪndɪ'pendəns,,独立， 自主， 自立,,,
coordination,kəuˌɔːdɪ'neɪʃn,,同等； 调和,,,
presentation,ˌprezn'teɪʃn,,提供， 显示； 外观， 图像； 授予， 赠送； 报告， 介绍； 表演,,,
diameter,daɪ'æmɪtə,,直径,,,
barn,bɑːn,,谷仓； 牲口棚,,,
bark,bɑːk,,吠，叫；吠声， 叫声； 树皮,,,
loop,luːp,,成环， 成圈；圈，环，回路；循环,,,
restrain,rɪ'streɪn,,阻止， 控制； 抑制， 遏制,,,
greedy,'griːdi,,贪吃的； 贪婪的； 渴望的,,,
awkward,'ɔːkwəd,,笨拙的， 尴尬的； 难操纵的， 使用不便的； 不灵巧的,,,
bare,beə,,赤裸的；光秃的，无遮盖的；刚刚够的，勉强的；露出， 显露,,,
ruin,'ruːɪn,,毁坏；毁灭；废墟,,,
crane,kreɪn,,起重机， 摄影升降机； 鹤,,,
beard,bɪəd,,胡须， 络腮胡子,,,
impatient,ɪm'peɪʃnt,,不耐烦的， 急躁的,,,
spill,spɪl,,溢出，洒落；溢出,,,
owing,'əuɪŋ,,应付的， 未付的,,,
collection,kə'lekʃn,,搜集， 聚集， 积聚； 收集， 收取； 收藏品， 收集的东西,,,
gardener,'gɑːdnə,,园丁， 花匠,,,
conquest,'kɒŋkwest,,攻取， 征服， 克服,,,
finding,'faɪndɪŋ,,发现； 调查的结果； 裁决,,,
dense,dens,,密集的， 浓厚的； 密度大的,,,
fortnight,'fɔːtnaɪt,,两星期， 十四天,,,
laboratory,lə'bɒrətri,,实验室， 研究室,,,
inspect,ɪn'spekt,,进行检查； 进行视察；检查，审查；检阅,,,
campaign,kæm'peɪn,,参加运动； 参加竞选；战役；运动,,,
systematical,ˌsɪstə'mætɪk(l),,有系统的， 有计划的,,,
vital,'vaɪtl,,致命的， 生死攸关的； 极其重要的； 生命的， 有生命力的,,,
conflict,'kɒnflɪkt,,冲突， 抵触；冲突， 抵触， 争论； 战斗， 战争,,,
farewell,ˌfeə'wel,,告别， 欢送会,,,
allow,ə'lau,,允许， 准许； 同意给； 承认； 允许…进入,,,
appliance,ə'plaɪəns,,用具， 器具， 器械； 家电,,,
mass,mæs,,大量的，大规模的；聚集， 集中；众多，大量；团，块，堆；群众；质量,,,
lord,lɔːd,,领主， 君主， 贵族,,,
detect,dɪ'tekt,,察觉， 发觉； 侦查出,,,
amateur,'æmətə,,业余爱好的， 业余的； 外行的；业余爱好者；外行,,,
poisonous,'pɔɪzənəs,,有毒的； 恶毒的,,,
condemn,kən'dem,,谴责， 指责； 判…刑， 宣告…有罪,,,
beast,biːst,,兽， 野兽， 牲畜； 凶残的人， 令人厌憎的人,,,
assistance,ə'sɪstəns,,协助， 援助,,,
commerce,'kɒmɜːs,,商业， 贸易； 社交,,,
gesture,'dʒestʃə,,做手势；姿势，手势，姿态,,,
admit,əd'mɪt,,承认， 供认； 准许…进入,,,
poem,'pəuɪm,,诗,,,
interest,'ɪntrəst;'ɪntrest,,兴趣；利益，利害关系；利息；使感兴趣,,,
gulf,gʌlf,,海湾； 巨大的分歧,,,
poet,'pəuɪt,,诗人,,,
definition,ˌdefɪ'nɪʃn,,定义， 释义， 定界； 清晰， 鲜明,,,
shave,ʃeɪv,,剃，刮，刨，削；修面，刮脸；修面， 刮脸,,,
organic,ɔː'gænɪk,,有机体的， 有机物的,,,
mask,mɑːsk,,面具，面罩，口罩；伪装；遮盖， 掩饰,,,
summary,'sʌməri,,概括的， 概要的； 实时的， 即决的；摘要，概要，一览,,,
apply,ə'plaɪ,,适用； 申请， 请求； 涂， 敷， 施；应用，实施；使用；涂敷；把…施于,,,
inferior,ɪn'fɪəriə,,下等的，劣等的；次于…的；下级， 下属,,,
steamer,'stiːmə,,轮船， 汽船,,,
recently,'riːsntli,,最近， 新近,,,
overlook,ˌəuvə'luk,,忽视； 宽恕； 俯瞰,,,
politician,ˌpɒlə'tɪʃn,,政治家， 政客,,,
incredible,ɪn'kredəbl,,不能相信的， 不可信的； 难以置信的， 不可思议的； 惊人的,,,
dramatic,drə'mætɪk,,引人注目的， 激动人心的； 突然的,,,
mosquito,mə'skiːtəu,,蚊子,,,
guitar,gɪ'tɑː,,吉他， 六弦琴,,,
layout,'leɪaut,,布局， 安排， 设计,,,
artificial,ˌɑːtɪ'fɪʃl,,人工的， 人为的； 矫揉造作的； 模拟的,,,
imaginary,ɪ'mædʒɪnəri,,想象中的， 假想的,,,
removal,rɪ'muːvl,,除去， 消除； 移动， 搬迁,,,
formula,'fɔːmjələ,,公式， 方程式； 原则， 方案； 配方,,,
comment,'kɒment,,评论；评论，意见，注释；闲话，议论,,,
revolt,rɪ'vəult,,反叛，起义；反抗，违抗；厌恶，生反感；反叛， 起义,,,
disgust,dɪs'gʌst,,厌恶， 憎恶,,,
stem,stem,,起源；茎，干；词干；堵住， 止住， 停住,,,
sunshine,'sʌnʃaɪn,,日光， 阳光,,,
trend,trend,,伸向；倾向；倾向,,,
achievement,ə'tʃiːvmənt,,完成； 成就， 成绩,,,
mechanic,mə'kænɪk,,技工， 机修工； 力学， 机械学； 过程， 方法， 技术性细节,,,
desirable,dɪ'zaɪərəbl,,值得向往的， 令人满意的,,,
balcony,'bælkəni,,阳台； 楼厅， 楼座,,,
consist,kən'sɪst,,由…组成； 在于； 一致,,,
preparation,ˌprepə'reɪʃn,,准备， 预备； 制剂,,,
reliable,rɪ'laɪəbl,,可靠的， 可信赖的,,,
relate,rɪ'leɪt,,有关， 涉及； 符合； 相处；使有关联；讲述，叙述,,,
critic,'krɪtɪk,,批评家， 爱挑剔的人,,,
elevator,'elɪveɪtə,,电梯， 升降机,,,
grammar,'græmə,,语法； 语法书,,,
enable,ɪ'neɪbl,,使能够， 使可能,,,
preliminary,prɪ'lɪmɪnəri,,预备的，初步的；初步做法， 起始行为,,,
dependent,dɪ'pendənt,,依靠的， 依赖的； 取决于…的,,,
obstacle,'ɒbstəkl,,障碍， 障碍物， 妨碍,,,
profession,prə'feʃn,,职业； 声明， 表白,,,
calculator,'kælkjuleɪtə,,计算器， 计算者,,,
van,væn,,大篷车， 运货车,,,
biology,baɪ'ɒlədʒi,,生物学， 生态学,,,
worm,wɜːm,,虫， 蠕虫,,,
compress,kəm'pres,,压紧， 压缩,,,
arise,ə'raɪz,,出现； 由…引起； 起身， 起床,,,
collaborative,kə'læbərətɪv,,合作的， 协作的， 协力完成的,,,
cherish,'tʃerɪʃ,,珍爱； 怀有,,,
constitute,'kɒnstɪtjuːt,,组成， 形成； 设立； 任命,,,
cattle,'kætl,,牛； 牲口， 家畜,,,
imagination,ɪˌmædʒɪ'neɪʃn,,想象， 想象力， 空想； 想象出,,,
resistance,rɪ'zɪstəns,,反抗， 抵制； 抵抗力， 抵抗性； 阻力； 电阻,,,
underneath,ˌʌndə'niːθ,,在下面，在底下；在…下面，在…底下；下部， 底部,,,
nursery,'nɜːsəri,,托儿所， 保育室； 苗圃,,,
mate,meɪt,,成为配偶， 交配；伙伴，同事；配偶，配对物；大副,,,
convince,kən'vɪns,,使确信， 使信服， 说服,,,
emperor,'empərə,,皇帝,,,
prolong,prə'lɒŋ,,拉长， 延长,,,
theory,'θɪəri,,理论， 原理； 学说； 意见， 看法,,,
distress,dɪ'stres,,忧虑， 痛苦， 悲伤； 不幸,,,
flock,flɒk,,羊群， 群； 大量,,,
internal,ɪn'tɜːnl,,内的； 国内的； 内心的,,,
extension,ɪk'stenʃn,,延长部分， 伸展； 电话分机， 分机号码,,,
signature,'sɪgnətʃə,,署名， 签字， 签名,,,
steep,stiːp,,险峻的， 陡峭的； 过高的； 急剧的,,,
thumb,θʌm,,示意要求搭车；拇指,,,
republican,rɪ'pʌblɪkən,,共和政体的；共和党的；共和党人,,,
literary,'lɪtərəri,,文学的； 文人的， 书卷气的,,,
architect,'ɑːkɪtekt,,建筑师， 设计师； 缔造者,,,
forehead,'fɔːh3d; 'fɒrɪd,,额头； 前部,,,
classical,'klæsɪkl,,古典的， 经典的,,,
privilege,'prɪvəlɪdʒ,,特权； 优惠,,,
foundation,faun'deɪʃn,,基础；,,,
substitute,'sʌbstɪtjuːt,,代替人；代用品；用…代替,,,
punch,pʌntʃ,,猛击；穿孔；猛击； 冲床； 穿孔机； 力量， 效力,,,
naturally,'nætʃrəli,,当然； 天然地； 天生地,,,
flexibility,ˌfleksə'bɪləti,,灵活性， 机动性， 柔韧性,,,
mysterious,mɪ'stɪəriəs,,神秘的， 诡秘的,,,
moreover,mɔːr'əuvə,,而且， 再者， 此外,,,
identity,aɪ'dentətɪ,,身份； 个性， 特性； 同一性， 一致性,,,
scatter,'skætə,,撒， 散播； 散开， 驱散,,,
installation,ˌɪnstə'leɪʃn,,安装； 装置， 设施； 就任， 就职,,,
writing,'raɪtɪŋ,,书写， 写； 著作,,,
federal,'fedərəl,,联邦的， 联盟的,,,
violate,'vaɪəleɪt,,违反， 违背； 亵渎； 侵犯； 妨碍,,,
verify,'verɪfaɪ,,证实， 查证， 证明,,,
collective,kə'lektɪv,,集体的，集合性的；团体， 集体,,,
excursion,ɪk'skɜːʃn,,远足， 短途旅行,,,
steer,stɪə,,掌舵， 驾驶； 操纵,,,
event,ɪ'vent,,事件， 大事， 事变,,,
academy,ə'kædəmi,,研究会， 学会； 专门学校,,,
undergo,ˌʌndə'gəu,,经历， 经受， 忍受； 接受,,,
reward,rɪ'wɔːd,,报答，奖赏；报酬，酬金；报答， 酬谢， 奖励,,,
include,ɪn'kluːd,,包括， 包含,,,
sympathize,'sɪmpəθaɪz,,同情， 怜悯； 体谅； 赞同,,,
alongside,əˌlɒŋ'saɪd,,在旁边，沿着边，并排地；在…旁边， 沿着…的边； 和…在一起,,,
swallow,'swɒləu,,燕子；吞，咽；吞， 咽； 轻信， 轻易接受； 承受， 使不流露； 咽下口水,,,
agency,'eɪdʒənsi,,经办， 代理； 代理处； 专门行政部门,,,
coupon,'kuːpɒn,,礼券， 优惠券， 配给券； 联票； 票证,,,
railroad,'reɪlrəud,,铁路；由铁路运输,,,
nucleus,'njuːkliəs,,核心； 核,,,
fascinating,'fæsɪneɪtɪŋ,,迷人的， 有极大吸引力的,,,
abstract,'æbstrækt,,抽象的，抽象派的；摘要， 梗概； 抽象派艺术作品；做…的摘要； 提取,,,
sting,stɪŋ,,刺，蜇，叮；刺伤处，蜇伤处,,,
haste,heɪst,,急速， 急忙； 草率,,,
agenda,ə'dʒendə,,议事日程,,,
appearance,ə'pɪərəns,,出现， 来到； 外观,,,
liquid,'lɪkwɪd,,液体的； 清澈的； 流畅的；液体,,,
culture,'kʌltʃə,,文化， 文明； 教养； 培养； 培养菌,,,
sleeve,sliːv,,袖子， 袖套,,,
devotion,dɪ'vəuʃn,,献身， 奉献； 忠实； 热爱； 虔诚,,,
anonymous,ə'nɒnɪməs,,匿名的； 无名的； 无特色的,,,
stir,stɜː,,搅动；拨动；激动；唤起；搅拌， 搅动； 激动， 骚乱,,,
fisherman,'fɪʃəmən,,渔民， 渔夫,,,
span,spæn,,跨距，一段时间；持续， 贯穿； 包括； 横跨， 跨越,,,
insult,ɪn'sʌlt,,侮辱， 凌辱；侮辱， 凌辱,,,
existence,ɪg'zɪstəns,,存在， 实在， 生存,,,
craft,krɑːft,,工艺， 手艺； 船， 航空器,,,
butcher,'butʃə,,肉商，肉贩，屠夫；屠宰， 残杀,,,
poll,pəul,,民意测验；政治选举，大选；对…进行民意测验； 获得,,,
minority,maɪ'nɒrəti,,少数； 少数民族,,,
pole,pəul,,杆； 极， 磁极， 电极,,,
float,fləut,,浮动， 漂浮； 飘动,,,
graceful,'greɪsfl,,优美的， 优雅的； 得体的,,,
fourfold,'fɔːfəuld,,四倍， 四重；四倍的，四重的,,,
preferable,'prefrəbl,,更可取的， 更好的， 更合意的,,,
reference,'refrəns,,提到， 论及； 参考； 引文； 参考书目； 证明书， 证明人,,,
frog,frɒg,,蛙,,,
spite,spaɪt,,恶意，怨恨；刁难， 欺侮,,,
chamber,'tʃeɪmbə,,会议室， 会所； 房间； 腔， 室,,,
arrange,ə'reɪndʒ,,安排， 准备， 整理,,,
coarse,kɔːs,,粗的， 粗糙的； 粗劣的； 粗俗的,,,
nephew,'nevjuː; 'nefjuː,,侄子， 外甥,,,
publicity,pʌb'lɪsəti,,公众的注意， 名声； 宣传， 宣扬,,,
depart,dɪ'pɑːt,,离开， 起程， 出发,,,
exaggerate,ɪg'zædʒəreɪt,,夸大， 夸张,,,
imply,ɪm'plaɪ,,暗示， 意指,,,
capture,'kæptʃə,,捕获， 俘获； 夺得,,,
commitment,kə'mɪtmənt,,承诺， 许诺， 保证； 信奉， 献身； 承担的义务,,,
spade,speɪd,,铲， 铁锹,,,
manufacture,ˌmænju'fæktʃə,,制造，加工；制造， 制造业,,,
sequence,'siːkwəns,,连续， 接续， 一连串； 次序， 顺序,,,
collision,kə'lɪʒn,,碰撞； 冲突， 抵触,,,
qualification,ˌkwɒlɪfɪ'keɪʃn,,资格， 资格证明， 合格证书； 限制， 限定,,,
provision,prə'vɪʒn,,供应； 准备； 条款， 规定； 给养， 口粮,,,
recruit,rɪ'kruːt,,招募，吸收；新兵； 新成员,,,
thrust,θrʌst,,插；戳，刺；戳， 刺； 要点， 要旨； 推力,,,
fame,feɪm,,名声， 名望,,,
replacement,rɪ'pleɪsmənt,,代替， 取代； 更换， 调换； 替代的人,,,
mud,mʌd,,泥， 泥浆,,,
mug,mʌg,,大杯；对…行凶抢劫,,,
pond,pɒnd,,池塘,,,
arrival,ə'raɪvl,,到达， 到来； 到达者， 到达物,,,
scientific,ˌsaɪən'tɪfɪk,,科学的,,,
frequent,'friːkwənt,,时常发生的，常见的；常到， 常去,,,
according,ə'kɔːdɪŋ,,相等的， 一致的， 依…而定的,,,
insure,ɪn'ʃuə,,为…投保； 确保,,,
powder,'paudə,,粉， 粉末,,,
membership,'membəʃɪp,,会员身份， 会籍； 全体会员， 会员数,,,
error,'erə,,错误， 谬误， 差错,,,
platform,'plætfɔːm,,平台， 站台， 讲台； 纲领， 宣言,,,
network,'netwɜːk,,网状物； 广播网， 电视网； 网络,,,
jealous,'dʒeləs,,妒忌的， 猜疑的； 精心守护的,,,
rust,rʌst,,生锈， 氧化；铁锈,,,
trace,treɪs,,痕迹；丝毫，少许；跟踪； 追溯； 描摹,,,
Negro,'niːgrəu,,黑人,,,
modernization,ˌmɒdənaɪ'zeɪʃn,,现代化,,,
grave,greɪv,,严重的； 严肃的；坟墓,,,
criminology,ˌkrɪmɪ'nɒlədʒi,,犯罪学， 刑事学,,,
advantage,əd'vɑːntɪdʒ,,优点， 优势， 好处,,,
assistant,ə'sɪstənt,,助理的， 辅助的；助手，助理，助教,,,
inn,ɪn,,小旅店， 小酒店,,,
instead,ɪn'sted,,作为替代； 却， 反而,,,
controversy,'kɒntrəvɜːsi,,争论， 辩论,,,
command,kə'mɑːnd,,命令， 指挥， 控制,,,
newsstand,'njuːzstænd,,报摊， 杂志摊,,,
worthless,'wɜːθləs,,无价值的， 无用的,,,
performance,pə'fɔːməns,,演出； 执行， 完成； 工作情况， 表现； 工作性能,,,
dessert,dɪ'zɜːt,,甜食， 点心,,,
ambassador,æm'bæsədə,,大使， 使节， 派驻国际组织的代表,,,
anticipate,æn'tɪsɪpeɪt,,预料， 预期， 期望； 先于…行动； 提前使用,,,
variable,'veəriəbl,,易变的；变量,,,
temple,'templ,,圣堂， 神殿， 庙宇,,,
growth,grəuθ,,增长， 增长量； 生长， 生长物,,,
landscape,'lændskeɪp,,风景，景色；风景画；全景；美化…的景观,,,
weave,wiːv,,织， 编,,,
carrot,'kærət,,胡萝卜,,,
normally,'nɔːməli,,通常； 正常地,,,
exception,ɪk'sepʃn,,例外， 除外,,,
vague,veɪg,,模糊的， 含糊的,,,
temporary,'temprəri,,暂时的， 临时的,,,
fare,feə,,进展；车费，船费，票价,,,
desperate,'despərət,,拼死的， 不顾一切的； 绝望的； 极需要的,,,
leading,'liːdɪŋ,,指导的， 带头的； 最主要的； 饰演主角的,,,
awful,'ɔːfl,,令人不愉快的， 难过的； 非常的， 极大的,,,
accuracy,'ækjərəsi,,准确， 精确,,,
handy,'hændi,,手边的， 便于使用的,,,
urge,ɜːdʒ,,鼓励；推进，催促；竭力主张，强烈要求；冲动， 强烈的欲望,,,
resolution,ˌrezə'luːʃn,,正式决定， 决议； 决心， 决意； 解决， 解答； 分辨率， 清晰度,,,
via,'vaɪə;'viːə,,经过， 通过,,,
setting,'setɪŋ,,环境， 背景， 布景； 调节， 设定的位置,,,
score,skɔː,,得， 给…打分； 画线于， 做记号于； 赢得；得分，比数，成绩；二十,,,
quote,kwəut,,引用，援引；引文， 引语； 报价， 牌价； 引号,,,
graduate,ˈɡradʒʊeɪt,,研究生的；毕业；毕业生；研究生,,,
famine,'fæmɪn,,饥荒； 严重的缺乏,,,
gramme,græm,,gram的英式拼法,,,
absent,'æbsənt,,缺席的， 不在场的； 缺乏的， 不存在的； 心不在焉的,,,
rag,ræg,,破布， 碎布； 破旧衣服,,,
visual,'vɪʒuəl,,看得见的；视觉资料,,,
understanding,ˌʌndə'stændɪŋ,,体谅的， 宽容的， 通情达理的；理解，理解力；谅解；协议；相互理解，融洽,,,
empire,'empaɪə,,帝国,,,
educate,'edʒʊkeɪt,,教育， 培养， 训练,,,
fairy,'feəri,,小精灵， 小仙子,,,
ashamed,ə'ʃeɪmd,,惭愧的， 羞耻的， 害臊的,,,
instruct,ɪn'strʌkt,,指示， 命令； 通知； 教授， 训练,,,
rat,ræt,,鼠,,,
mayor,meə,,市长,,,
virtually,'vɜːtʃuəli,,实际上， 事实上,,,
fairly,'feəli,,相当， 尚可， 还； 公平地,,,
handwriting,'hændraɪtɪŋ,,笔迹， 手迹； 书法,,,
merchant,'mɜːtʃənt,,商人,,,
raw,rɔː,,自然状态的， 未加工过的； 生的； 未经分析的， 原始的； 生疏无知的， 未经训练的； 露肉而刺痛的,,,
proportional,prə'pɔːʃənl,,比例的， 成比例的,,,
economy,ɪ'kɒnəmi,,经济； 节约， 节省,,,
community,kə'mjuːnəti,,社区， 社会， 公社； 团体， 界； 群落,,,
packet,'pækɪt,,小包， 小盒,,,
version,'vɜːʃn;'vɜːʒn,,译本； 说法； 改写本,,,
airport,'eəpɔːt,,机场， 航空港,,,
courtyard,'kɔːtjɑːd,,庭院， 院子,,,
nationality,ˌnæʃə'næləti,,国籍； 民族,,,
selection,sɪ'lekʃn,,选择， 挑选； 被挑选出来的人， 精选品； 可供选择的东西,,,
institute,'ɪnstɪtjuːt,,研究所，学院；建立， 设立,,,
aboard,ə'bɔːd,,在船上， 上船,,,
endure,ɪn'djuə,,忍受， 容忍； 持久， 持续,,,
detail,'diːteɪl,,细节，枝节；零件；详细说明,,,
shortly,'ʃɔːtli,,立刻， 不久； 不耐烦地； 简短地,,,
hobby,'hɒbi,,业余爱好， 癖好,,,
appropriate,ə'prəupriət,,适当的， 恰当的,,,
providing,prə'vaɪdɪŋ,,倘若,,,
fate,feɪt,,命运， 天数,,,
throat,θrəut,,咽喉， 喉咙； 嗓音,,,
utility,juː'tɪləti,,效用， 有用， 实用； 公用事业,,,
immediately,ɪ'miːdiətli,,立即， 马上； 直接地， 紧接地,,,
manual,'mænjuəl,,用手的；手工做的；手册， 指南,,,
measurement,'meʒəmənt,,衡量， 测量； 尺寸， 大小,,,
optimistic,ˌɒptɪ'mɪstɪk,,乐观的， 乐观主义的,,,
vocabulary,və'kæbjələri,,词汇表， 词汇， 语汇,,,
retire,rɪ'taɪə,,退休， 退役； 退下， 退出， 撤退； 就寝,,,
aspect,'æspekt,,方面； 朝向， 方向； 样子， 外表,,,
particle,'pɑːtɪkl,,粒子， 微粒； 小品词， 语助词,,,
aggressive,ə'gresɪv,,侵略的， 好斗的； 敢做敢为的； 有进取心的,,,
behavior,bɪ'heɪvjə,,行为， 举止， 表现,,,
musician,mju'zɪʃn,,音乐家， 乐师,,,
minimize,'mɪnɪmaɪz,,将…减少； 最小化,,,
descend,dɪ'send,,下来， 下降； 下倾,,,
saint,seɪnt,,圣徒； 圣人， 道德高尚的人； [用于人名或地名等前]圣,,,
density,'densəti,,密集， 稠密； 密度,,,
logical,'lɒdʒɪkl,,逻辑的， 合乎常理的,,,
oblige,ə'blaɪdʒ,,迫使； 施恩于， 帮…的忙； 使感激,,,
slam,slæm,,砰地关上；猛力拉，砰地放下；猛烈抨击；砰的一声,,,
characterize,'kærəktəraɪz,,成为…的特征， 以…为特征； 描绘的特性， 描述,,,
swing,swɪŋ,,摇摆，回转；突然转向；摇摆； 秋千,,,
ridiculous,rɪ'dɪkjələs,,荒谬的， 可笑的,,,
handbag,'hændbæg,,手提包,,,
invasion,ɪn'veɪʒn,,入侵， 侵略， 侵犯,,,
spin,spɪn,,旋转；晕眩；纺，织；绞干，甩干；旋转， 自转,,,
severe,sɪ'vɪə,,严重的； 严厉的， 严格的； 严峻的， 艰难的； 朴素的， 不加装饰的,,,
emerge,i'mɜːdʒ,,出现， 涌现， 冒出,,,
shallow,'ʃæləu,,浅的；浅薄的；浅滩， 浅水处,,,
lease,liːs,,租约，租契；出租； 租得， 租有,,,
exploit,ˈeksplɔɪt;ɪkˈsplɔɪt,,剥削； 利用； 开拓；业绩， 功绩,,,
slap,slæp,,掴，掌击，拍；啪的一声放；掴， 掌击， 拍,,,
spit,spɪt,,吐唾沫，吐出；唾沫， 唾液,,,
scout,skaut,,侦察， 寻找；侦察员，侦察机，侦察舰；童子军,,,
anniversary,ˌænɪ'vɜːsəri,,周年纪念日,,,
register,'redʒɪstə,,登记， 注册； 指示， 自动记下； 流露； 表示， 表达； 把挂号；登记；登记表,,,
restless,'restləs,,焦躁不安的； 静不下来的， 运动不止的,,,
persuasive,pə'sweɪsɪv,,劝诱的； 有说服力的,,,
fleet,fliːt,,舰队， 船队,,,
communicate,kə'mjuːnɪkeɪt,,通讯； 交际， 交流； 连接， 相通； 传达， 传播； 传染,,,
evidence,'evɪdəns,,根据， 证据； 证人,,,
saddle,'sædl,,鞍，鞍状物；车座；给…装鞍； 使承担任务,,,
rural,'ruərəl,,农村的， 乡村的,,,
official,ə'fɪʃl,,官员的；官方的，正式的；官员， 行政人员， 高级人员,,,
historical,hɪ'stɒrɪkl,,历史的， 有关历史的,,,
repetition,ˌrepə'tɪʃn,,重复， 反复,,,
fortunately,'fɔːtʃənətli,,幸运地； 幸亏,,,
acid,'æsɪd,,酸的， 酸性的；酸,,,
transmission,trænz'mɪʃn; træns'mɪʃn,,传播， 发射； 传送， 传递； 传染,,,
shortage,'ʃɔːtɪdʒ,,不足， 缺少,,,
discrimination,dɪsˌkrɪmɪ'neɪʃn,,区别， 辨别； 识别力； 差别对待， 歧视,,,
female,'fiːmeɪl,,雌的； 女的；雌性动物；女子,,,
microphone,'maɪkrəfəun,,扩音器， 话筒， 麦克风,,,
swift,swɪft,,快的； 反应快的； 敏捷的,,,
surrender,sə'rendə,,交出， 放弃； 投降,,,
faint,feɪnt,,不清楚的，模糊的；晕倒，昏厥；昏厥,,,
world-wide,'wɜːldwaɪd,,遍及全球的,,,
minister,'mɪnɪstə,,部长， 大臣； 公使， 外交使节； 牧师,,,
pose,pəuz,,摆姿势；假装，装腔作势；使摆好姿势；造成，引起；提出，陈述；样子， 姿势,,,
remedy,'remədi,,补救办法，纠正办法；药品；治疗法；补救， 纠正； 医治， 治疗,,,
jail,dʒeɪl,,监狱，看守所；监禁， 拘留； 塞满； 卡住； 干扰,,,
consent,kən'sent,,同意；同意，赞成,,,
insist,ɪn'sɪst,,坚持， 坚决认为； 坚持要求,,,
typewriter,'taɪpraɪtə,,打字机,,,
helpless,'helpləs,,无助的； 无能的； 无法抗拒的,,,
respect,rɪ'spekt,,尊敬；尊重；问候；方面；尊敬； 尊重,,,
volume,'vɒljuːm,,卷， 册， 书卷； 容积， 体积； 音量， 响度,,,
retreat,rɪ'triːt,,退却， 撤退； 退避， 退缩,,,
ache,eɪk,,疼痛；渴望；疼痛,,,
mutual,'mjuːtʃuəl,,相互的； 共同的,,,
shell,ʃel,,壳，贝壳；外壳，框架；炮弹；剥…的壳； 炮击,,,
guideline,'gaɪdlaɪn,,指导方针， 准则,,,
loose,luːs,,松的； 不精确的， 不严密的； 散漫的,,,
therefore,'ðeəfɔː,,因此， 所以,,,
exchange,ɪks'tʃeɪndʒ,,交换； 交流； 兑换,,,
hesitate,'hezɪteɪt,,犹豫， 踌躇； 含糊； 不情愿,,,
rifle,'raɪfl,,来复枪， 步枪,,,
private,'praɪvət,,私人的；秘密的；私下的；私营的；士兵， 列兵,,,
baggage,'bægɪdʒ,,行李,,,
companion,kəm'pæniən,,同伴， 共事者； 伴侣,,,
breakdown,'breɪkdaun,,垮， 衰竭； 损坏， 故障； 倒塌,,,
paste,peɪst,,糊，糨糊；粘， 贴,,,
overtake,ˌəuvə'teɪk,,追上， 超过； 突然降临于， 意外地碰上,,,
jeans,dʒiːnz,,工装裤， 牛仔裤,,,
overnight,əʊvə'naɪt,,整夜， 通宵； 一夜间， 突然；一整夜的； 一夜间的， 突然的,,,
behave,bɪ'heɪv,,表现， 举止； 运转， 作出反应,,,
stretch,stretʃ,,伸展，延续；伸长，拉长；倾注全力；紧张；一段时间， 一段路程， 连绵的一片； 伸展， 延伸,,,
undo,ˌʌn'duː,,解开， 打开； 取消， 撤销,,,
accomplish,ə'kʌmpliʃ,,达到； 完成,,,
laser,'leɪzə,,激光,,,
mixture,'mɪkstʃə,,混合， 混合物,,,
engine,'endʒɪn,,引擎， 发动机； 机车,,,
responsible,rɪ'spɒnsəbl,,需负责任的， 承担责任的； 有责任感的， 负责可靠的； 责任重大的， 重要的,,,
scope,skəup,,范围； 余地， 机会,,,
democratic,ˌdemə'krætɪk,,民主的， 民主政体的,,,
medal,'medl,,奖牌， 奖章， 勋章,,,
satellite,'sætəlaɪt,,卫星， 人造卫星,,,
bullet,'bulɪt,,枪弹， 子弹， 弹丸,,,
recorder,rɪ'kɔːdə,,录音机， 录像机； 记录装置， 记录仪,,,
identify,aɪ'dentɪfaɪ,,一致；认出，鉴定；把…等同于,,,
embrace,ɪm'breɪs,,拥抱，怀抱；拥抱； 包括； 包围,,,
nitrogen,'naɪtrədʒən,,氮,,,
pour,pɔː,,灌， 倒； 倾泻,,,
label,'leɪbl,,标签；标记，符号；贴标签于； 把…称为,,,
improvement,ɪm'pruːvmənt,,改进， 改善； 改进处,,,
slippery,'slɪpəri,,滑的； 狡猾的,,,
scissors,'sɪzəz,,剪刀,,,
significance,sɪg'nɪfɪkəns,,意义， 含义； 重要性， 重大,,,
modify,'mɒdɪfaɪ,,更改， 修改； 修饰,,,
horizon,hə'raɪzn,,地平线； 眼界， 见识,,,
environment,ɪn'vaɪərənmənt,,环境， 外界； 围绕,,,
airplane,'eəpleɪn,,飞机,,,
pledge,pledʒ,,保证，誓言；保证， 许诺,,,
progressive,prə'gresɪv,,前进的； 渐进的； 进行式的,,,
reservoir,'rezəvwɑː,,水库， 蓄水池； 储藏， 汇集,,,
deliberate,dɪ'lɪb(ə)rət,,故意的， 蓄意的； 慎重的， 深思熟虑的；仔细考虑， 思考,,,
swear,sweə,,宣誓； 咒骂,,,
atmosphere,'ætməsfɪə,,大气， 空气； 气氛， 环境,,,
decorate,'dekəreɪt,,装饰， 装潢， 修饰,,,
copyright,'kɒpiraɪt,,版权,,,
biotechnology,ˌbaɪəutek'nɒlədʒi,,生物工艺学,,,
career,kə'rɪə,,生涯， 职业， 经历,,,
occupation,ˌɒkju'peɪʃn,,占领， 占据； 职业； 从事的活动， 消遣,,,
tendency,'tendənsi,,趋向， 趋势， 倾向,,,
release,rɪ'liːs,,释放， 排放； 解除， 解脱； 放开， 松开； 发布； 发行,,,
charter,'tʃɑːtə,,包租的， 租用的；宪章，共同纲领；特许状，许可证；包租；包，租,,,
slim,slɪm,,苗条的；薄的；少的；减轻体重， 变苗条,,,
arithmetic,ə'rɪθmətɪk,,算术， 四则运算,,,
rib,rɪb,,肋骨,,,
faulty,'fɔːlti,,有错误的， 有缺点的,,,
liberate,'lɪbəreɪt,,解放， 释放,,,
rid,rɪd,,使摆脱， 解除…的负担， 从…中清除,,,
variation,ˌveəri'eɪʃn,,变化， 变动； 变异； 变奏,,,
moral,'mɒrəl,,道德的，有道德的；品行； 道德规范； 寓意,,,
defect,'diːfekt; dɪ'fekt,,变节， 叛变；缺点， 缺陷， 欠缺,,,
reinforce,ˌriːɪn'fɔːs,,增强， 加强， 增援,,,
explode,ɪk'spləud,,爆炸； 激增； 发怒；使爆炸,,,
casual,'kæʒuəl,,偶然的； 非正式的； 临时的， 不定期的； 漠不关心的， 冷淡的,,,
decline,dɪ'klaɪn,,下降， 减少； 衰退， 衰落； 谢绝， 拒绝；下降，减少；衰退,,,
property,'prɒpəti,,财产， 所有物； 房产； 物业； 性质， 性能,,,
succeeding,sək'siːdɪŋ,,以后的， 随后的,,,
brave,breɪv,,勇敢的； 华丽的,,,
similar,'sɪmələ,,相似的， 类似的,,,
viewpoint,'vjuːpɔɪnt,,观点， 看法， 见解,,,
anyhow,'enihau,,无论如何， 不管怎么说； 随随便便地， 杂乱无章地,,,
specify,'spesɪfaɪ,,指定； 详细说明,,,
whistle,'wɪsl,,吹口哨， 鸣笛声； 呼啸而过；口哨；呼啸而过,,,
handle,'hændl,,柄，把手；拿， 触； 操作， 处理,,,
forth,fɔːθ,,向前； 向外， 往外,,,
tough,tʌf,,困难的， 难对付的； 坚强的， 能吃苦耐劳的； 健壮的； 坚硬的， 严格的； 老的， 硬的； 粗暴的， 充满暴力的,,,
crossing,'krɒsɪŋ,,人行横道， 交叉口； 横渡,,,
script,skrɪpt,,剧本， 广播稿； 书写用的字母； 笔迹， 手迹,,,
submerge,səb'mɜːdʒ,,淹没， 潜入水中,,,
system,'sɪstəm,,系统； 制度， 体制； 方法， 做法； 身体,,,
compose,kəm'pəuz,,组成， 构成； 创作， 为…谱曲； 使平静， 使镇静,,,
spot,spɒt,,点，斑点；地点，处所；少量；认出， 发现； 玷污,,,
roller,'rəulə,,滚筒， 滚轴,,,
partial,'pɑːʃl,,部分的； 不公平的； 偏爱的， 偏袒的,,,
aid,eɪd,,帮助； 救护； 助手； 辅助手段,,,
tone,təun,,腔调， 语气； 音调； 风格， 气度； 色调， 明暗,,,
confident,'kɒnfɪdənt,,确信的， 肯定的； 自信的,,,
retain,rɪ'teɪn,,保留， 保持,,,
swell,swel,,膨胀，隆起；增长，增强，增多，扩大；波浪起伏； 鼓起， 隆起； 增强,,,
skilled,skɪld,,有技能的； 熟练的； 需要技能的,,,
local,'ləukl,,地方性的； 本地的； 局部的； 狭隘的,,,
remind,rɪ'maɪnd,,提醒， 使想起,,,
crude,kruːd,,简陋的， 天然的； 粗鲁的， 粗俗的,,,
manufacturer,ˌmænju'fæktʃərə,,制造商； 制造厂,,,
crew,kruː,,全体船员； 一队工作人员,,,
valid,'vælɪd,,有效的； 正当的； 有根据的， 有理的,,,
withstand,wɪð'stænd; wɪθ'stænd,,抵挡， 反抗,,,
defeat,dɪ'fiːt,,战胜， 挫败,,,
vacuum,'vækjuəm,,用吸尘器清扫；真空；真空吸尘器,,,
encourage,ɪn'kʌrɪdʒ,,鼓励， 怂恿； 促进， 助长， 激发,,,
bubble,'bʌbl,,冒泡； 沸腾；泡,,,
era,'ɪərə,,时代， 年代， 纪元,,,
yield,jiːld,,出产；让出，放弃；屈服，顺从；倒塌，垮掉；产量,,,
electronic,ɪˌlek'trɒnɪk,,电子的；电子学； 电子设备,,,
vacation,və'keɪʃn; veɪ'keɪʃn,,假期， 休假,,,
outcome,'autkʌm,,结果,,,
elegant,'elɪgənt,,优美的， 文雅的， 讲究的； 简练的， 简洁的,,,
tender,'tendə,,嫩的；脆弱的；疼痛的，一触即痛的；温柔的；提出；投标,,,
curriculum,kə'rɪkjələm,,课程， 全部课程,,,
meantime,'miːntaɪm,,其间， 同时,,,
powerful,'pauəfl,,强大的， 有力的， 有权的； 强壮的， 强健的,,,
slip,slɪp,,滑跤，滑落，溜；下降，跌落；悄悄放进；疏漏， 差错,,,
species,'spiːʃiːz,,种， 类,,,
anchor,'æŋkə,,抛锚， 停泊； 把…系住， 使固定； 担任主持人； 固定， 扎根；锚；给人安全感的物,,,
preceding,prɪ'siːdɪŋ,,在前的， 在先的， 前面的,,,
cite,saɪt,,引用， 引证； 传唤， 传讯； 表彰， 嘉奖,,,
logic,'lɒdʒɪk,,逻辑， 推理， 逻辑学,,,
acquaintance,ə'kweɪntəns,,认识， 了解； 熟人,,,
royal,'rɔɪəl,,王室的， 皇家的,,,
internship,'ɪntɜːnʃɪp,,实习生身份； 实习医师期,,,
shed,ʃed,,脱落，脱去；流出，流下；发出，散发；棚， 小屋， 货棚,,,
eyesight,'aɪsaɪt,,视力， 目力,,,
precision,prɪ'sɪʒn,,精确， 精密,,,
glove,glʌv,,手套,,,
screen,skriːn,,屏幕，银幕；屏风；帘，纱窗；掩蔽， 遮蔽； 放映， 播放； 审查， 甄别,,,
naked,'neɪkɪd,,裸体的； 无遮蔽的,,,
trial,'traɪəl,,试， 试验； 审判； 讨厌的人,,,
correspond,ˌkɒrə'spɒnd,,相符合， 相当； 通信,,,
spur,spɜː,,刺激物；刺激， 鞭策， 激励,,,
perception,pə'sepʃn,,感知， 觉察； 认识， 观念， 看法,,,
rear,rɪə,,后部的，背后的；后部，背面；后方；抚养， 饲养； 种植,,,
amongst,ə'mʌŋst,,在…之中,,,
undertake,ˌʌndə'teɪk,,从事； 承担； 同意； 保证,,,
insect,'ɪnsekt,,昆虫， 虫,,,
bureau,'bjuərəu,,局， 司， 处， 社， 所,,,
moist,mɔɪst,,湿润的， 潮湿的,,,
cable,'keɪbl,,缆， 索， 电缆； 电报,,,
qualify,'kwɒlɪfaɪ,,胜任， 具有资格， 合格； 限定,,,
intense,ɪn'tens,,强烈的； 紧张的； 认真的； 热情的,,,
pregnant,'pregnənt,,怀孕的， 妊娠的,,,
border,'bɔːdə,,边，边缘，边界；给…加上边， 围； 邻接； 与…接壤,,,
estate,ɪ'steɪt,,土地， 住宅区， 地产； 财产， 遗产； 庄园， 种植园,,,
applicable,'æplɪkəbl,,能应用的； 合适的， 适当的,,,
admission,əd'mɪʃn,,允许进入； 承认； 入场费， 入场券,,,
brass,brɑːs,,黄铜， 黄铜器， 铜管乐器,,,
expense,ɪk'spens,,花费， 消费； 费用， 开支； 业务费用,,,
rumour,'ruːmə,,谣传， 谣言,,,
contemporary,kən'temprəri,,当代的；同时代的；同代人， 当代人,,,
gear,gɪə,,齿轮，传动装置，排挡；用具，设备；衣服；使适应， 使适合,,,
boundary,'baundri,,分界线， 边界,,,
rob,rɒb,,抢劫， 盗窃,,,
elderly,'eldəli,,较老的，年长的；到了晚年的人， 老年人,,,
financial,faɪ'nænʃl; fə'nænʃl,,财政的， 金融的,,,
rod,rɒd,,杆， 棒,,,
dumb,dʌm,,哑的； 无言的； 说不出话的,,,
respective,rɪ'spektɪv,,各自的， 各个的， 分别的,,,
media,'miːdiə,,新闻媒介， 传播媒介,,,
favour,'feɪvə,,好感；赞同；恩惠；赞同； 喜爱， 偏爱； 有利于,,,
pollute,pə'luːt,,弄脏， 污染； 腐蚀,,,
harden,'hɑːdn,,变硬； 变得坚强,,,
eve,iːv,,前夜， 前夕， 前一刻,,,
pronoun,'prəunaun,,代词,,,
define,dɪ'faɪn,,给…下定义， 限定,,,
dictate,dɪk'teɪt,,口授； 命令， 规定， 要求；命令， 指挥,,,
construction,kən'strʌkʃn,,建造； 建筑物； 结构,,,
predict,prɪ'dɪkt,,预言， 预告， 预测,,,
dump,dʌmp,,倾卸，倾倒；倾销；垃圾场,,,
render,'rendə,,使得， 致使； 给予， 提供； 翻译,,,
universal,ˌjuːnɪ'vɜːsl,,普遍的； 通用的； 全世界的,,,
chemist,'kemɪst,,化学家， 药剂师,,,
frontier,'frʌntɪə,,边境， 边疆； 新领域,,,
abroad,ə'brɔːd,,到国外； 在传播， 在流传,,,
radical,'rædɪkl,,根本的，基本的；激进的，激进派的；激进分子,,,
relieve,rɪ'liːv,,使轻松， 使宽慰， 缓解； 使得到调剂； 接替,,,
drawer,drɔː,,抽屉,,,
requirement,rɪ'kwaɪəmənt,,要求； 必要条件； 需要， 需要的东西,,,
transport,træn'spɔːt; trɑːn-,,运输；运输， 运输工具,,,
employment,ɪm'plɔɪmənt,,工作； 雇用； 使用,,,
specific,spə'sɪfɪk,,特有的；具体的，明确的；详情， 细节,,,
application,ˌæplɪ'keɪʃn,,申请， 申请书； 施用， 涂抹； 应用， 实施； 实用性,,,
engage,ɪn'geɪdʒ,,使从事； 聘用； 吸引； 占用； 使订婚,,,
acre,'eɪkə,,英亩,,,
whisper,'wɪspə,,低声地讲；低语， 耳语,,,
appetite,'æpɪtaɪt,,食欲， 胃口； 欲望,,,
semester,sɪ'mestə,,学期,,,
strategy,'strætədʒi,,战略， 策略,,,
dull,dʌl,,乏味的， 单调的； 晦暗的， 阴沉的； 低沉的； 笨的； 钝的,,,
collapse,kə'læps,,倒坍；塌下；突然失败；突然瓦解,,,
clumsy,'klʌmzi,,笨拙的， 愚笨的； 粗陋的； 不得体的,,,
territory,'terətri,,领土， 版图； 领域,,,
concession,kən'seʃn,,让步， 妥协； 特许， 特许权； 承认， 认可,,,
accurate,'ækjərət,,准确的， 正确无误的,,,
maintain,meɪn'teɪn,,维持； 维修， 保养； 主张； 赡养,,,
shift,ʃɪft,,移动，转移；改变，转变；转换， 转变； 轮班,,,
echo,'ekəu,,重复， 模仿； 发出回声；回声；反响，共鸣,,,
erect,ɪ'rekt,,竖直的， 垂直的；建造；使竖立,,,
bargain,'bɑːgən,,讨价还价；特价商品；协议，交易,,,
professional,prə'feʃənl,,职业的，专业的，专门的；自由职业者， 专业人员,,,
elective,ɪ'lektɪv,,选举的，有选举权的；可任意选择的；选修课程,,,
accusation,ˌækju'zeɪʃn,,谴责； 【律】 指控,,,
protein,'prəutiːn,,蛋白质,,,
annual,'ænjuəl,,每年的，一年一次的；年报， 年鉴； 一年生的植物,,,
exclusive,ɪk'skluːsɪv,,奢华的，高级的；独有的，独享的；排斥的，排他的；不包括…的，不把…计算在内的；独家新闻,,,
jar,dʒɑː,,感到不快； 震动， 摇动；罐子，坛子，广口瓶,,,
poverty,'pɒvəti,,贫穷， 贫困,,,
resort,rɪ'zɔːt,,求助，凭借，诉诸；求助， 凭借， 诉诸； 求助的对象， 采用的手段； 常去之地， 胜地,,,
goodness,'gudnəs,,天哪；善良， 美德， 好意,,,
lightning,'laɪtnɪŋ,,闪电， 电光,,,
jaw,dʒɔː,,颌， 颚,,,
margin,'mɑːdʒɪn,,页边空白； 差数， 差额； 余地； 边缘,,,
remain,rɪ'meɪn,,剩下，余留；保持；仍然是；残余； 残骸； 遗迹,,,
amaze,ə'meɪz,,使惊奇， 使惊愕,,,
refine,rɪ'faɪn,,精炼， 精制， 提纯； 使优美， 使完善,,,
mount,maunt,,登上；发起；安放；增加，加剧；山， 峰,,,
demand,dɪ'mɑːnd,,要求， 需要； 查问,,,
mystery,'mɪstri,,神秘； 神秘的人,,,
atomic,ə'tɒmɪk,,原子的， 原子能的， 原子武器的,,,
deposit,dɪ'pɒzɪt,,使沉淀；存放，储蓄；定金， 押金； 存款； 矿藏,,,
centimetre,'sentɪmiːtə,,公分， 厘米,,,
telescope,'telɪskəup,,望远镜,,,
rotten,'rɒtn,,腐烂的； 令人不愉快的； 糟糕的,,,
skillful,'skɪlfl,,灵巧的， 娴熟的,,,
flash,flæʃ,,闪， 闪烁； 飞驰；闪光；闪光灯,,,
accuse,ə'kjuːz,,指责， 归咎于,,,
housing,'hauzɪŋ,,房屋， 住宅； 住房建筑， 住房供给； 外壳， 外罩,,,
devil,'devl,,魔鬼， 恶魔； 家伙， 人,,,
guarantee,ˌgærən'tiː,,保证；保证书；担保物；保证， 担保,,,
recommend,ˌrekə'mend,,推荐， 举荐； 劝告， 建议； 使成为可取； 使受欢迎,,,
acquire,ə'kwaɪə,,取得， 获得， 学到,,,
fertile,'fɜːtaɪl,,肥沃的； 多产的； 丰富的,,,
automobile,'ɔːtəməbiːl,,汽车， 机动车,,,
notion,'nəuʃn,,概念， 观念； 意图， 想法， 念头,,,
diversity,daɪ'vɜːsəti,,多样性； 差异； 不同点,,,
helicopter,'helɪkɒptə,,直升机,,,
tractor,'træktə,,拖拉机， 牵引车,,,
patience,'peɪʃns,,忍耐， 耐心,,,
grace,greɪs,,优美，优雅；风度，魅力；宽限，缓期；使优美,,,
advertisement,əd'vɜːtɪsmənt,,广告， 公告， 登广告； 广告活动， 宣传,,,
ripe,raɪp,,熟的； 时机成熟的,,,
attribute,ə'trɪbjuːt,,把…归因于；属性,,,
mechanism,'mekənɪzəm,,机械装置； 机制， 机理； 办法， 途径,,,
detection,dɪ'tekʃn,,察觉， 发觉； 侦查， 探测,,,
triumph,'traɪʌmf,,成功；凯旋，胜利,,,
vice,vaɪs,,罪恶； 恶习， 缺点； 虎钳,,,
horror,'hɒrə,,恐怖； 憎恶； 令人恐怖的事物,,,
poison,'pɔɪzn,,毒，毒药；毒害,,,
thoughtful,'θɔːtfl,,沉思的； 体贴的,,,
gram,græm,,克,,,
empower,ɪm'pauə,,授权于； 使能够,,,
riot,'raɪət,,聚众闹事；暴乱，骚乱；极度丰富；把浪费在放荡的生活上,,,
arouse,ə'rauz,,引起； 唤起， 唤醒,,,
nest,nest,,筑巢；巢，窝，穴,,,
tour,tuə,,旅行， 游历,,,
calm,kɑːm,,静的，平静的；平静， 镇静,,,
boring,'bɔːrɪŋ,,令人厌烦的， 乏味的， 无聊的,,,
classic,'klæsɪk,,最优秀的，典型的，标准的；传统式样的，典雅的；文学名著， 经典作品， 杰作； 优秀的典范； 古典文学， 古典语文研究,,,
ownership,'əunəʃɪp,,所有， 所有制,,,
metric,'metrɪk,,公制的， 米制的,,,
absolute,'æbsəluːt,,十足的， 地道的； 绝对的， 完全的； 不受任何限制的,,,
ash,æʃ,,灰， 灰末； 骨灰,,,
describe,dɪ'skraɪb,,形容； 描写； 画出,,,
suck,sʌk,,吸， 吮， 啜； 吸收,,,
grab,græb,,抓取，攫取；赶紧做；抓住；抓，夺；抓， 夺,,,
rub,rʌb,,擦， 摩擦,,,
presently,'prezntli,,不久， 一会儿； 现在， 目前,,,
wealthy,'welθi,,富有的， 富裕的,,,
rug,rʌg,,地毯,,,
jazz,dʒæz,,爵士音乐， 爵士舞曲,,,
dusk,dʌsk,,薄暮， 黄昏； 幽暗,,,
administration,ədˌmɪnɪ'streɪʃn,,管理； 管理部门， 行政机关； 实行， 执行,,,
occasional,ə'keɪʒənl,,偶尔的， 间或发生的,,,
boast,bəust,,自夸；自豪；自夸，吹嘘；以拥有…而自豪；自吹自擂， 自夸的话,,,
operator,'ɒpəreɪtə,,操作人员； 话务员， 报务员,,,
debate,dɪ'beɪt,,争论， 辩论,,,
spacecraft,'speɪskrɑːft,,航天器， 宇宙飞船,,,
furniture,'fɜːnɪtʃə,,家具,,,
segment,'segmənt,,部分， 片段； 瓣,,,
stripe,straɪp,,条纹,,,
jet,dʒet,,乘喷气式飞机；喷气式飞机；喷嘴；喷射,,,
helpful,'helpful,,给予帮助的； 有用的,,,
statistic,stə'tɪstɪk,,统计数值， 统计资料； 统计学,,,
attractive,ə'træktɪv,,有吸引力的， 引起注意的,,,
superb,sjʊː'pɜːb; sʊː'pɜːb,,极好的； 高质量的,,,
mold,məuld,,霉，霉菌；模型，铸模；性格；用模子制作， 塑造； 使形成， 影响…的形成,,,
engineering,ˌendʒɪ'nɪərɪŋ,,工程， 工程学,,,
significant,sɪg'nɪfɪkənt,,相当数量的； 重要的， 意义重大的， 意味深长的,,,
bold,bəuld,,勇敢的； 鲁莽的； 粗体的， 黑体的； 醒目的,,,
bleed,bliːd,,出血， 流血； 泌脂；勒索…的钱,,,
delicious,dɪ'lɪʃəs,,美味的； 芬芳的， 怡人的； 有趣的,,,
catalogue,'kætəlɒg,,目录；为…编目录，把…列入目录中,,,
whatever,wɒt'evə,,[用于否定句中以加强语气]任何； 无论什么,,,
decrease,dɪ'kriːs,,减少；减少,,,
volunteer,ˌvɒlən'tɪə,,自愿提供； 自愿， 志愿；志愿者；志愿兵,,,
museum,mju'ziːəm,,博物馆,,,
ignorance,'ɪgnərəns,,无知， 愚昧,,,
senate,'senət,,参议院， 上院,,,
trumpet,'trʌmpɪt,,喇叭，小号；大声宣告， 鼓吹,,,
bolt,bəult,,螺栓，插销；闩门,,,
string,strɪŋ,,连成一串； 排成一行前进；线，细绳；一串，一行；缚，扎，挂；串起，穿；使排成一列；伸展，拉直,,,
import,ɪm'pɔːt; 'ɪm-,,输入， 进口；输入， 进口； 进口商品； 意义， 重要性,,,
occupy,'ɒkjupaɪ,,占领， 占， 占有,,,
submit,səb'mɪt,,屈从， 听从， 服从；呈送，提交；主张，建议；使服从，使降服,,,
mood,muːd,,心情， 情绪； 语气,,,
boom,buːm,,激增， 繁荣， 迅速发展； 发出隆隆声；激增，繁荣，迅速发展；隆隆声，嗡嗡声,,,
absence,'æbsəns,,缺席， 不在； 缺席的时间， 外出期； 缺乏， 不存在,,,
attract,ə'trækt,,吸引， 引起…注意,,,
edition,ɪ'dɪʃn,,版， 版本， 版次,,,
simplicity,sɪm'plɪsəti,,简单， 简易； 朴素,,,
cautious,'kɔːʃəs,,十分小心的， 谨慎的,,,
disappear,ˌdɪsə'pɪə,,不见， 失踪， 消失,,,
summit,'sʌmɪt,,最高点， 峰顶； 最高级会议,,,
recession,rɪ'seʃn,,衰退， 衰退期,,,
conclusion,kən'kluːʒn,,结论， 推论； 结尾； 缔结， 议定,,,
typist,'taɪpɪst,,打字员,,,
durable,'djuərəbl,,耐久的， 耐用的,,,
negative,'negətɪv,,否定的，消极的；负的；阴性的；负片， 底片； 负数,,,
impose,ɪm'pəuz,,利用， 占便宜； 欺骗；把…强加于；征,,,
ally,'ælaɪ,,结盟， 联合；同盟国， 同盟者； 支持者,,,
statement,'steɪtmənt,,陈述， 声明； 结算单， 报表,,,
hence,hens,,因此， 所以； 今后,,,
memorial,mə'mɔːriəl,,纪念的，悼念的；纪念碑， 纪念堂， 纪念仪式,,,
factor,'fæktə,,因素； 因子； 系数,,,
boot,buːt,,靴子， 长筒靴； 行李箱； 解雇,,,
pinch,pɪntʃ,,捏，拧；撮， 微量,,,
delivery,dɪ'lɪvəri,,投递， 交付； 分娩； 讲话方式； 投递的邮件,,,
rack,ræk,,挂架，搁架；使痛苦， 折磨； 尽力使用,,,
election,ɪ'lekʃn,,选举； 选择权； 当选,,,
conquer,'kɒŋkə,,征服， 战胜； 破除， 克服,,,
learned,'lɜːnɪd,,有学问的； 学术上的,,,
substance,'sʌbstəns,,物质； 实质； 大意， 要旨； 根据， 理由,,,
frown,fraun,,皱眉， 蹙额,,,
bond,bɒnd,,黏合， 结合；联结，联系；公债；契约，合同,,,
target,'tɑːgɪt,,目标；把…作为目标； 瞄准,,,
wax,wæks,,蜡，蜂蜡；给…上蜡,,,
grind,graɪnd,,磨， 磨快,,,
urban,'ɜːbən,,城市的， 都市的； 住在都市的,,,
furthermore,ˌfɜːðə'mɔː,,而且， 此外,,,
guidance,'gaɪdns,,引导， 指导， 领导,,,
risk,rɪsk,,危险，风险；引起危险的事物；冒…的危险， 使遭受危险,,,
flame,fleɪm,,火焰， 光辉； 热情,,,
container,kən'teɪnə,,容器； 集装箱,,,
leader,'liːdə,,领袖， 领导人， 首领,,,
delicate,'delɪkət,,纤细的， 易碎的； 微妙的； 精美的,,,
discard,dɪs'kɑːd,,丢弃， 抛弃， 遗弃,,,
fancy,'fænsi,,昂贵的； 别致的；想象力，设想；爱好；喜欢；想象，猜想,,,
rebel,'reb(ə)l,,反叛， 造反； 反对， 不服从；反叛分子， 反对者,,,
bounce,bauns,,弹起，反弹；颠簸；弹， 反弹,,,
usage,'juːsɪdʒ; 'juːzɪdʒ,,使用； 对待； 惯用法,,,
tissue,'tɪʃuː; 'tɪsjuː,,组织； 薄绢， 薄纸， 手巾纸,,,
experimental,ɪkˌsperɪ'mentl,,实验的， 试验的,,,
loosen,'luːsn,,解开； 放松， 松弛,,,
rent,rent,,租借，租用；出租，出借；租金； 出租,,,
nearby,ˌnɪə'baɪ,,在附近；附近的,,,
carpenter,'kɑːpəntə,,木工， 木匠,,,
cart,kɑːt,,运货马车,,,
modest,'mɒdɪst,,谦虚的； 适中的； 羞怯的,,,
cast,kɑːst,,投，扔，抛；浇铸；演员表， 全体演员； 石膏绷带； 铸型， 铸件； 投， 抛,,,
anxious,'æŋkʃəs,,忧虑的， 令人焦急的； 渴望的,,,
hatred,'heɪtrɪd,,憎恶， 憎恨， 仇恨,,,
crush,krʌʃ,,压碎， 碾碎； 摧毁， 压垮,,,
largely,'lɑːdʒli,,大部分， 大量地,,,
slice,slaɪs,,薄片，切片；部分；切， 削,,,
frost,frɒst,,结霜；冰冻，严寒；霜,,,
electron,ɪ'lektrɒn,,电子,,,
incline,ɪn'klaɪn,,倾斜； 弯； 倾向于；斜坡,,,
truly,'truːli,,真正地； 忠实地,,,
cash,kæʃ,,现金，现款；把…兑现,,,
counsel,'kaunsl,,律师，法律顾问；忠告，劝告；劝告， 提议,,,
item,'aɪtəm,,条， 条款， 一条,,,
gene,dʒiːn,,基因,,,
liver,'lɪvə,,肝,,,
suicide,'suːɪsaɪd,,自杀,,,
violet,'vaɪələt,,紫色的；紫罗兰,,,
hollow,'hɒləu,,空的， 空洞的； 沉闷的； 虚伪的,,,
trunk,trʌŋk,,树干； 大衣箱， 皮箱； 汽车后备箱； 象鼻,,,
saving,'seɪvɪŋ,,节省， 节约； 储蓄金， 存款,,,
rely,rɪ'laɪ,,依靠， 依赖； 信赖， 指望,,,
hospitalize,'hɒspɪtəlaɪz,,就医,,,
slide,slaɪd,,滑；悄悄地移动；滑动； 滑道， 滑面； 幻灯片,,,
utilize,'juːtəlaɪz,,利用,,,
sticky,'stɪki,,黏性的， 胶黏的；  湿热的,,,
prevail,prɪ'veɪl,,流行， 盛行,,,
waist,weɪst,,腰， 腰部,,,
excessive,ɪk'sesɪv,,过多的， 极度的,,,
flesh,fleʃ,,肉， 肌肉， 肉体,,,
jungle,'dʒʌŋgl,,丛林， 密林， 莽丛； 乱七八糟的一堆,,,
portion,'pɔːʃn,,一部分，一份；分配， 把…分给,,,
settle,'setl,,安排， 安放； 调停； 支付， 核算； 安家； 飞落， 停留； 安定,,,
pattern,'pætn,,型，式样，模型；仿制， 使照…样子,,,
harsh,hɑːʃ,,严厉的； 粗糙的,,,
connexion,kə'nekʃn,,connection的英式拼法,,,
vehicle,'viːəkl,,车辆， 机动车； 传播媒介， 工具， 手段,,,
scrape,skreɪp,,刮，擦；刮， 擦； 刮擦声,,,
hardship,'hɑːdʃɪp,,艰难， 困苦,,,
confuse,kən'fjuːz,,使困惑， 把…弄糊涂； 混淆， 把…混同； 混乱， 搞乱,,,
cushion,'kuʃn,,垫子， 坐垫， 靠垫,,,
scold,skəuld,,责骂， 训斥,,,
glorious,'glɔːriəs,,光荣的； 壮丽的； 令人愉快的,,,
civilize,'sɪvəlaɪz,,使文明， 使开化， 教育,,,
physician,fɪ'zɪʃn,,内科医生,,,
architecture,'ɑːkɪtektʃə,,建筑学； 建筑式样， 建筑风格,,,
stress,stres,,压力；强调；重要性；应力；重音；强调， 着重； 重读,,,
grip,grɪp,,握紧，抓牢；吸引住；紧握,,,
explore,ɪk'splɔː,,探险， 探索； 仔细查阅， 探究,,,
display,dɪ'spleɪ,,陈列， 展览， 显示,,,
electricity,ɪˌlek'trɪsəti,,电,,,
climate,'klaɪmət,,气候； 风土， 地带； 风气， 气氛,,,
conductor,kən'dʌktə,,售票员， 列车长； 指挥； 导体,,,
bore,bɔː,,使厌烦；钻，挖；令人讨厌的人,,,
crust,krʌst,,面包皮， 硬外皮； 外壳， 地壳,,,
disorder,dɪs'ɔːdə,,混乱， 杂乱， 骚乱,,,
criticize,'krɪtɪsaɪz,,批评； 评论； 非难,,,
organization,ˌɔːgənaɪ'zeɪʃn,,组织， 团体， 机构,,,
rage,reɪdʒ,,狂吹； 汹涌； 激烈进行； 发怒， 发火；狂怒，盛怒；风靡一时的事物，时尚,,,
width,wɪdθ,,宽阔， 广阔； 宽度,,,
dairy,'deəri,,乳制品的；牛奶场；乳制品,,,
board,bɔːd,,搭伙； 膳宿；板，牌子；木板，纸板；委员会，董事会；伙食；上,,,
economic,ˌiːkə'nɒmɪk,,经济的，经济学的；经济学； 经济状况,,,
stuff,stʌf,,材料，东西；装， 填， 塞； 让…吃饱,,,
arrest,ə'rest,,逮捕，拘留；停止，阻止；吸引；逮捕， 拘留， 扣留,,,
widow,'wɪdəu,,寡妇,,,
distinction,dɪ'stɪŋkʃn,,差别， 不同， 区分,,,
mature,mə'tju; mə'tʃuə,,成熟的；成年人的；深思熟虑的；到期的，应支付的；使成熟,,,
navy,'neɪvi,,海军,,,
fee,fiː,,费； 酬金， 赏金,,,
section,'sekʃn,,部分， 章节； 部门， 科； 截面， 剖面,,,
influence,'ɪnfluəns,,影响，作用；影响力，势力；产生影响力的人；影响,,,
whip,wɪp,,鞭笞；猛地移动；搅打成糊状；鞭子,,,
protocol,'prəutəkɒl,,礼仪， 礼节； 草案， 议定书,,,
whale,weɪl,,鲸,,,
provoke,prə'vəuk,,对…挑衅， 激怒； 激起， 引起,,,
threaten,'θretn,,威胁， 恐吓； 预示快要来临， 是…的征兆； 构成威胁； 可能发生,,,
talent,'tælənt,,天才， 才能； 人才,,,
percentage,pə'sentɪdʒ,,百分比， 百分率,,,
negotiate,nɪ'gəuʃieɪt,,洽谈， 协商； 顺利通过， 成功越过； 协商， 谈判,,,
strain,streɪn,,扭伤， 拉伤； 尽力； 拉紧；拉紧；过劳；极度紧张；张力；扭伤，拉伤；旋律；品种，家系；气质，个性特点,,,
hunt,hʌnt,,打猎； 搜寻； 驱逐,,,
violin,ˌvaɪə'lɪn,,小提琴,,,
remonstrate,'remənstreɪt,,抗议,,,
package,'pækɪdʒ,,包裹，包装；一揽子交易；把…打包； 包装,,,
visible,'vɪzəbl,,可见的， 看得见的， 有形的,,,
crisis,'kraɪsɪs,,危机， 存亡之际； 关键阶段,,,
rail,reɪl,,责骂， 抱怨；栏杆，横杆；铁轨，轨道；铁路,,,
survival,sə'vaɪvl,,幸存； 幸存者， 残存物,,,
germ,dʒɜːm,,微生物， 细菌； 幼芽,,,
inner,'ɪnə,,内部的； 内心的,,,
market,'mɑːkɪt,,市场； 股市； 行情， 销路,,,
keen,kiːn,,热心的； 激烈的； 敏锐的， 敏捷的,,,
glimpse,glɪmps,,看一眼，一瞥；瞥见；一瞥， 一看,,,
detective,dɪ'tektɪv,,侦探， 私人侦探,,,
transfer,træns'fɜː,,搬， 转移； 调动， 转学； 转让， 过户； 乘车， 转乘,,,
footstep,'futstep,,脚步， 脚步声， 足迹,,,
veteran,'vetərən,,老兵， 老手,,,
indifferent,ɪn'dɪfrənt,,冷漠的， 不积极的； 一般的， 平平的,,,
outside,ˌaut'saɪd,,外部的；在…的外面； 向…的外面； 除…以外；外部，外表,,,
nerve,nɜːv,,神经； 勇敢， 胆量,,,
affection,ə'fekʃn,,感情； 爱， 爱慕,,,
eagle,'iːgl,,鹰,,,
cruise,kruːz,,航游，巡航；缓慢巡行；航游， 游弋,,,
elementary,ˌelɪ'mentri,,基本的， 初级的,,,
topic,'tɒpɪk,,题目， 论题， 话题,,,
solemn,'sɒləm,,庄严的， 隆重的； 严肃的,,,
perceive,pə'siːv,,感知， 感觉， 察觉； 认识到， 意识到； 理解,,,
omit,ə'mɪt,,省略； 遗漏,,,
embarrass,ɪm'bærəs,,使窘迫， 使为难,,,
option,'ɒpʃn,,选择， 选择权， 选择自由； 选择的事物或人， 选课,,,
erroneous,ɪ'rəuniəs,,错误的， 不正确的,,,
raid,reɪd,,袭击； 突入查抄， 突入搜捕； 劫掠,,,
politics,'pɒlətɪks,,政治， 政治学； 政纲， 政见,,,
acute,ə'kjuːt,,严重的； 急性的； 灵敏的， 敏锐的； 精明的,,,
limitation,ˌlɪmɪ'teɪʃn,,限制， 限度； 局限,,,
sponsor,'spɒnsə,,发起者；发起； 资助， 赞助； 支持,,,
kindergarten,'kɪndəgɑːtn,,幼儿园,,,
unexpected,ˌʌnɪk'spektɪd,,想不到的， 意外的,,,
crucial,'kruːʃl,,至关重要的， 决定性的,,,
contribute,kən'trɪbjuːt,,捐献， 捐款； 投稿,,,
faith,feɪθ,,信任； 信心； 信仰， 信条； 忠诚,,,
generator,'dʒenəreɪtə,,发电机； 发生器,,,
insert,ɪn'sɜːt,,插入， 嵌入； 登载,,,
remark,rɪ'mɑːk,,说；评论说；话语； 谈论， 评论,,,
forbid,fə'bɪd,,禁止， 不许， 阻止,,,
microscope,'maɪkrəskəup,,显微镜,,,
necessarily,'nesəsərəli; ˌnesə'serəli,,必要地； 必然,,,
highlight,'haɪlaɪt,,强调，突出，使显著；最精彩的部分； 最重要的事件,,,
candidate,'kændɪdeɪt; 'kændɪdət,,候选人； 投考者， 申请求职者,,,
billion,'bɪljən,,十亿,,,
parallel,'pærəlel,,平行的；类似的；并列的，并联的；可相比拟的事物；相似处；平行线，平行面；纬线；与…平行； 与…相似， 与…相当， 比得上,,,
reject,rɪ'dʒekt,,拒绝； 拒纳， 退回；次品,,,
patient,'peɪʃnt,,忍耐的，有耐心的；病人,,,
cashier,kæ'ʃɪə,,出纳,,,
sheer,ʃɪə,,垂直地，陡峭地；急转向， 偏离；完全的，十足的；陡峭的，垂直的；极薄的，透明的,,,
miracle,'mɪrəkl,,奇迹， 令人惊奇的人,,,
profit,'prɒfɪt,,受益；益处；利润，收益；有益于，有利于,,,
original,ə'rɪdʒənl,,最初的；新颖的；原版的；原件， 原作,,,
wit,wɪt,,风趣； 妙语； 智力， 才智， 智能,,,
handful,'hændful,,一把， 少数， 一小撮,,,
assignment,ə'saɪnmənt,,任务， 指定的作业； 分配， 指派,,,
nylon,'naɪlɒn,,尼龙,,,
yawn,jɔːn,,打呵欠；呵欠,,,
electric,ɪ'lektrɪk,,电的， 电动的,,,
terminal,'tɜːmɪnl,,晚期的，不治的；末端的，终点的，极限的；终点； 终端； 接线端,,,
kingdom,'kɪŋdəm,,王国； 领域； 界,,,
differ,'dɪfə,,不同， 相异； 发生分歧,,,
various,'veəriəs,,各种各样的， 不同的,,,
latter,'lætə,,后者的； 后一半的,,,
depression,dɪ'preʃn,,抑郁， 沮丧； 不景气， 萧条； 洼地， 凹陷,,,
reduction,rɪ'dʌkʃn,,减少， 缩小； 下降， 降低,,,
extent,ɪk'stent,,广度； 范围； 程度,,,
equivalent,ɪ'kwɪvələnt,,相等的，等量的；相等物， 等价物,,,
gaol,dʒeɪl,,监禁；监狱,,,
conversely,'kɒnvɜːsli,,相反,,,
sauce,sɔːs,,调味汁， 作料,,,
ban,bæn,,取缔，查禁；禁止；禁止， 禁令,,,
fascinate,'fæsɪneɪt,,有吸引力， 迷人；迷住，强烈吸引,,,
suffer,'sʌfə,,遭受， 忍受， 容许； 受痛苦， 受损,,,
diplomatic,ˌdɪplə'mætɪk,,外交的， 从事外交的； 策略的， 有手腕的,,,
bat,bæt,,蝙蝠； 球棒， 球拍,,,
neighbourhood,'neɪbəhud,,四邻； 附近； 接近,,,
draft,drɑːft,,草稿；汇票；征兵；通风；起草； 征募,,,
complex,'kɒmpleks,,由许多部分组成的， 复合的； 复杂的， 难懂的,,,
rank,ræŋk,,给…评定等级； 列入， 占特定等级；军衔，职衔；地位，社会阶层；排，行列,,,
assumption,ə'sʌmpʃn,,假定， 臆断； 担任， 承担,,,
pension,'penʃn,,养老金，抚恤金；发给…养老金,,,
giant,'dʒaɪənt,,巨大的；巨人，巨物；才智超群的人,,,
fluid,'fluːɪd,,流动的；流体，液体,,,
bay,beɪ,,湾； 分隔间,,,
outlet,'autlet,,出口， 出路； 发泄途径,,,
neglect,nɪ'glekt,,疏于照料；疏忽；疏忽,,,
addition,ə'dɪʃn,,加， 加法； 附加物,,,
gang,gæŋ,,聚集， 结成一伙；一帮，一伙,,,
shrink,ʃrɪŋk,,起皱； 收缩； 退缩， 畏缩,,,
ancestor,'ænsestə,,祖宗， 祖先； 原型； 先驱,,,
textile,'tekstaɪl,,纺织的；纺织品；纺织业,,,
former,'fɔːmə,,在前的；前者,,,
panic,'pænɪk,,恐慌， 惊慌失措；恐慌，惊慌，慌乱,,,
extend,ɪk'stend,,延长， 扩大； 提供， 给予； 伸展， 达到,,,
fold,fəuld,,折叠，合拢；褶， 折叠的部分,,,
plastic,'plæstik,,塑料的；可塑的；塑料， 塑料制品； 信用卡,,,
globe,gləub,,地球， 世界； 地球仪； 球体,,,
chemical,'kemɪkl,,化学的；化学制品,,,
interpretation,ɪnˌtɜːprɪ'teɪʃn,,解释； 口译； 艺术处理,,,
ax,æks,,斧子,,,
intermediate,ˌɪntə'miːdiət,,中间的； 中级的,,,
folk,fəuk,,人们； 家属， 亲属； 大伙儿， 各位,,,
consideration,kənˌsɪdə'reɪʃn,,考虑， 思考， 要考虑的事； 体贴， 关心,,,
competitive,kəm'petətɪv,,竞争的， 比赛的； 好竞争的， 求胜心切的； 有竞争力的,,,
enquiry,ɪn'kwaɪəri,,询问,,,
applause,ə'plɔːz,,鼓掌， 掌声,,,
frank,fræŋk,,坦白的， 直率的,,,
abuse,ə'bjuːz,,滥用； 虐待， 伤害； 辱骂， 毁谤；滥用； 虐待， 伤害； 辱骂， 毁谤,,,
prove,pruːv,,证实， 证明； 结果是,,,
scheme,skiːm,,密谋， 策划；计划，方案；阴谋,,,
affect,ə'fekt,,影响； 感动,,,
deaf,def,,聋的； 不愿听的,,,
admire,əd'maɪə,,钦佩， 羡慕； 赞赏， 称赞， 夸奖,,,
consequently,'kɒnsɪkwəntli,,因此， 因而， 所以,,,
virus,'vaɪərəs,,病毒； 病毒性疾病， 病毒病,,,
drain,dreɪn,,排去，放水；耗竭； 排水沟， 排水管,,,
isolate,'aɪsəleɪt,,使隔离， 使孤立,,,
sailor,'seɪlə,,水手， 海员,,,
amuse,ə'mjuːz,,逗…乐， 给…娱乐,,,
inward,'ɪnwəd,,向内；里面的；内心的,,,
responsibility,rɪˌspɒnsə'bɪləti,,责任， 责任心； 职责， 义务,,,
enquire,ɪn'kwaɪə,,询问,,,
civil,'sɪvl,,公民的； 文职的； 民用的； 民事的， 民法的； 文明的,,,
popularity,ˌpɒpju'lærəti,,普及， 流行； 声望,,,
subsequent,'sʌbsɪkwənt,,随后的， 后来的,,,
indicate,'ɪndɪkeɪt,,标示， 表示， 表明,,,
scarcely,'skeəsli,,几乎不， 简直不； 决不； 刚刚， 才,,,
panel,'pænl,,专门小组； 面， 板； 控制板， 仪表盘,,,
outstanding,ˌaut'stændɪŋ,,突出的， 杰出的； 未解决的； 未偿付的,,,
charge,tʃɑːdʒ,,索价；控告；充电，充满；向前冲；费用； 管理； 控告， 指责； 电荷， 充电,,,
sew,səu,,缝制， 缝纫,,,
oval,'əuvl,,椭圆形的；椭圆形,,,
column,'kɒləm,,柱， 支柱， 圆柱； 纵队； 栏， 专栏,,,
procedure,prə'siːdʒə,,程序， 手续， 步骤,,,
sample,'sɑːmpl,,样品，试样，样本；从…抽样； 品尝， 体验,,,
integrate,'ɪntɪgreɪt,,成为一体， 合并,,,
survivor,sə'vaɪvə,,生还者； 残存物,,,
applicant,'æplɪkənt,,申请人,,,
tropical,'trɒpɪkl,,热带的； 炎热的,,,
partner,'pɑːtnə,,做…的搭档；伙伴，合伙人，搭档，配偶,,,
plunge,plʌndʒ,,纵身投入， 猛冲； 猛跌,,,
diagnose,'daɪəgnəuz,,诊断,,,
somewhat,'sʌmhwɒt,,有点儿；一点儿,,,
earnest,'ɜːnɪst,,认真的， 诚恳的,,,
spider,'spaɪdə,,蜘蛛,,,
interview,'ɪntəvjuː,,接见， 会见； 面谈， 面试； 采访,,,
essential,ɪ'senʃl,,必要的；本质的；要素； 必需品,,,
clarify,'klærəfaɪ,,澄清， 阐明,,,
furnace,'fɜːnɪs,,炉子， 熔炉， 鼓风炉,,,
ditch,dɪtʃ,,沟， 沟渠， 渠道,,,
deck,dek,,甲板， 舱面； 层面,,,
scare,skeə,,吓， 使害怕； 受惊吓， 感到害怕；惊恐，恐慌,,,
thunder,'θʌndə,,打雷， 轰隆响； 大声喊， 吼；雷，雷声；擂鼓般的响声，轰隆声,,,
observe,əb'zɜːv,,注意到， 观察； 评说； 遵守,,,
humorous,'hjuːmərəs,,幽默的， 诙谐的,,,
furnish,'fɜːnɪʃ,,供应， 提供； 装备,,,
bet,bet,,打赌；敢说，确信；打赌； 赌金， 赌注,,,
contact,'kɒntækt,,接触；联系，交往；与…接触， 与…取得联系,,,
rare,reə,,稀有的， 冷僻的； 珍奇的； 出类拔萃的； 稀薄的； 煎得嫩的,,,
discharge,dɪs'tʃɑːdʒ,,释放， 排出； 卸货；释放， 放电,,,
exclude,ɪk'skluːd,,把…排除在外,,,
scary,'skeəri,,引起惊慌的,,,
criticism,'krɪtɪsɪzəm,,批评， 批判； 评论， 评论文章,,,
utmost,'ʌtməust,,最远的；极限,,,
image,'ɪmɪdʒ,,像； 形象； 映像； 形象的描述,,,
consultancy,kən'sʌltənsi,,咨询公司,,,
ribbon,'rɪbən,,缎带， 丝带； 色带,,,
garbage,'gɑːbɪdʒ,,垃圾， 废物； 废话； 无用的资料,,,
complain,kəm'pleɪn,,抱怨， 诉苦； 控告， 投诉,,,
mainland,'meɪnlænd,,大陆,,,
homogeneous,ˌhɒmə'dʒiːniəs,,同种类的， 同性质的， 有相同特征的,,,
anxiety,æŋ'zaɪəti,,焦虑， 忧虑； 渴望， 热望,,,
temptation,temp'teɪʃn,,诱惑， 引诱,,,
adjust,ə'dʒʌst,,调整， 调节， 校正,,,
popularize,'pɒpjələraɪz,,普及,,,
burst,bɜːst,,爆裂，爆炸；挤满；突然打开；突然发作；使爆炸；突然打开；爆炸,,,
vigorous,'vɪgərəs,,朝气蓬勃的； 有力的， 用力的,,,
debt,det,,债， 债务， 欠债,,,
refrigerator,rɪ'frɪdʒəreɪtə,,冰箱， 冷藏库,,,
necessity,nə'sesəti,,必需品； 必要性， 需要,,,
fog,fɒg,,雾， 烟雾， 尘雾,,,
frame,freɪm,,框架，框子，构架；给…镶框； 陷害， 诬告； 制定； 表达,,,
lucky,'lʌki,,幸运的， 侥幸的； 吉利的,,,
origin,'ɒrɪdʒɪn,,起源， 起因； 出身， 血统,,,
industrialize,ɪn'dʌstriəlaɪz,,工业化,,,
clash,klæʃ,,发生冲突；不协调；砰地相撞，发出刺耳的撞击声；冲突； 不协调； 刺耳的撞击声,,,
compel,kəm'pel,,强迫， 迫使屈服,,,
capable,'keɪpəbl,,有能力的， 有才能的,,,
depress,dɪ'pres,,使沮丧； 使不景气； 削弱， 抑制,,,
parade,pə'reɪd,,游行， 列队前进； 招摇而行；游行；检阅,,,
burden,'bɜːdn,,重担，精神负担；加重压于， 烦扰； 负担， 装载,,,
precaution,prɪ'kɔːʃn,,预防； 防备， 警惕,,,
lemon,'lemən,,柠檬； 柠檬树； 柠檬黄， 淡黄色,,,
personality,ˌpɜːsə'næləti,,人格， 个性； 人物， 名人,,,
plot,plɒt,,密谋， 计划； 绘制…的平面图， 在图上标绘…的位置；故事情节；计划，密谋；小块土地,,,
sanction,'sæŋkʃn,,批准，认可；批准， 认可； 约束因素， 约束力；  国际制裁,,,
rate,reɪt,,被评价； 被列入特定级别；速度，速率；比率；价格，费用；等级；评估；给…定级，把…列为；值得，应得,,,
alert,ə'lɜːt,,警觉的，留神的，注意的；使认识到，使意识到；警戒， 戒备； 警报,,,
await,ə'weɪt,,等候； 期待； 将降临到…身上,,,
sin,sɪn,,犯戒律， 犯过失；罪，罪孽,,,
client,'klaɪənt,,委托人， 当事人， 顾客,,,
prosperity,prɒ'sperəti,,繁荣， 兴旺,,,
divide,dɪ'vaɪd,,分，分开；分配，分享；除；产生分歧；分歧； 分界线， 分水岭,,,
contrary,'kɒntrəri,,相反的；相反,,,
lump,lʌmp,,结块； 将…归并在一起；块，肿块,,,
digital,'dɪdʒɪtl,,数字的， 数位的,,,
brilliant,'brɪliənt,,光辉的； 卓越的,,,
historic,hɪ'stɒrɪk,,历史上著名的， 具有重大历史意义的,,,
oven,'ʌvn,,炉， 烤箱,,,
bound,baund,,跳跃；弹回，反跃；一定的；有义务的；跳跃；弹回，反跃；成为…的界限，给…划界；跳跃； 界限， 限制,,,
counter,'kauntə,,柜台； 计数器； 筹码,,,
rhythm,'rɪðəm,,韵律， 节奏,,,
stroke,strəuk,,中风；一举，一次努力；划桨，划水；击，敲；报时的钟声；笔画，一笔；抚摸；抚摸,,,
breed,briːd,,繁殖； 养育， 培育； 酿成， 产生；品种,,,
management,'mænɪdʒmənt,,管理； 处理； 管理部门； 管理人员,,,
publish,'pʌblɪʃ,,公布， 发表； 出版， 刊印,,,
realm,relm,,界， 领域， 范围； 王国， 国度,,,
correspondent,ˌkɒrə'spɒndənt,,通讯员， 记者,,,
avoid,ə'vɔɪd,,避免， 躲开； 撤销,,,
renew,rɪ'njuː,,重新开始， 继续； 更新； 恢复； 延长有效期,,,
bid,bɪd,,企图，努力；喊价，出价，投标；喊价， 投标， 出； 祝， 表示； 命令,,,
prompt,prɒmpt,,敏捷的，及时的；促使，推动；提示；提示台词， 提示,,,
astonish,ə'stɒnɪʃ,,使惊讶， 使吃惊,,,
comprehensive,ˌkɒmprɪ'hensɪv,,广泛的， 综合的； 理解的,,,
tunnel,'tʌnl,,挖， 开；隧道，坑道，地道,,,
withdraw,wɪð'drɔː; wɪθ'drɔː,,收回， 撤回； 撤退,,,
assign,ə'saɪn,,指派， 分配， 布置； 指定,,,
elaborate,ɪ'læb(ə)rət,,复杂的； 精心制作的；详述， 详细制订,,,
feather,'feðə,,羽毛， 翎毛,,,
corridor,'kɒrɪdɔː,,走廊， 回廊， 通路,,,
decade,'dekeɪd,,十年， 十年期,,,
expert,'ekspɜːt,,熟练的；专家,,,
select,sɪ'lekt,,精选的， 挑选出来的； 优等的， 第一流的；选择，挑选,,,
fulfill,ful'fɪl,,履行， 实现， 完成； 满足， 使满意,,,
crowd,kraud,,聚集； 挤满； 挤； 推；群，一批,,,
congress,'kɒŋgres,,代表大会； [C-]国会， 议会,,,
advanced,əd'vɑːnst,,先进的； 高级的； 年迈的； 后阶段的,,,
mechanical,mə'kænɪkl,,机械的， 机械制造的； 机械学的， 力学的； 呆板的,,,
recommendation,ˌrekəmen'deɪʃn,,推荐， 推荐信； 建议； 优点， 可取之处,,,
welfare,'welfeə,,幸福； 福利， 福利救济,,,
flourish,'flʌrɪʃ,,繁荣，茂盛，兴旺；挥动,,,
output,'autput,,产量；输出；输出功率；输出,,,
fatigue,fə'tiːg,,疲劳；疲劳，劳累,,,
striking,'straɪkɪŋ,,显著的， 突出的； 惹人注目的， 容貌出众的,,,
vessel,'vesl,,容器； 船； 飞船； 管,,,
majority,mə'dʒɒrəti,,多数， 大多数,,,
drag,dræg,,拖，拉；迫使，硬拉；拖着脚步走；累赘； 一吸， 一抽,,,
crown,kraun,,王冠， 冕,,,
likely,'laɪkli,,可能；可能的；适合的,,,
inquire,ɪn'kwaɪə,,打听， 询问； 调查,,,
gymnasium,dʒɪm'neɪziəm,,体育馆， 健身房,,,
issue,'ɪʃu:,,发行， 分发， 发出；问题；发行，分发,,,
vain,veɪn,,徒劳的； 自负的,,,
lower,'ləuə,,较低的；下面的；放下， 降低,,,
index,'ɪndeks,,索引； 指数， 指标,,,
fry,fraɪ,,油煎， 油炸， 油炒,,,
youngster,'jʌŋstə,,青年， 年轻人， 孩子,,,
odd,ɒd,,奇特的； 临时的； 奇数的； 单只的； 剩余的， 挂零的,,,
lung,lʌŋ,,肺,,,
conservation,ˌkɒnsə'veɪʃn,,保存； 保护； 守恒,,,
distraction,dɪ'strækʃn,,分心的事； 心烦意乱； 精神错乱； 娱乐， 消遣,,,
supplement,'sʌplɪm(ə)nt,,增补， 补充； 增刊， 副刊；增补， 补充,,,
contrast,'kɒntrɑːst,,形成对比， 对比之下显出区别；对比， 对照； 反差；对比，对照,,,
paragraph,'pærəgrɑːf,,段， 节,,,
judgement,'dʒʌdʒmənt,,意见； 审判； 判断,,,
proportion,prə'pɔːʃn,,比例； 部分， 份儿； 均衡， 相称,,,
widen,'waɪdn,,加宽， 变宽,,,
crystal,'krɪstl,,水晶， 结晶体， 晶粒,,,
occurrence,ə'kʌrəns,,发生， 出现； 发生的事件,,,
inflation,ɪn'fleɪʃn,,通货膨胀； 膨胀,,,
thinking,'θɪŋkɪŋ,,深思的， 有理性的；想法，意见，见解,,,
cycle,'saɪkl,,循环（周期）；骑自行车,,,
disposal,dɪ'spəuzl,,丢掉， 销毁； 处理； 排列， 布置,,,
settlement,'setlmənt,,解决； 协议； 居留地,,,
delegate,"ˈdɛlɪˌɡeɪt; -ɡɪt; (for v.,) ˈdɛlɪˌɡeɪt",,代表， 代表团成员；委派…为代表； 授 ， 把…委托给,,,
literature,'lɪtrətʃə,,文学， 文学作品； 文献， 图书资料,,,
sphere,sfɪə,,球， 球体； 范围,,,
inquiry,ɪn'kwaɪəri,,询问， 打听； 调查,,,
prejudice,'predʒudɪs,,偏见，成见；使有偏见； 对…不利， 损害,,,
dissolve,dɪ'zɒlv,,溶解； 解散； 消失， 减弱； 结束,,,
digest,daɪ'dʒest; dɪ-,,消化； 领会；文摘； 摘要,,,
angle,'æŋgl,,角， 角度； 观点， 立场,,,
immigrant,'ɪmɪgrənt,,移民， 侨民,,,
tradition,trə'dɪʃn,,传统， 惯例,,,
ability,ə'bɪləti,,能力， 本领； 才能， 才智,,,
urgent,'ɜːdʒənt,,紧急的， 急迫的,,,
belief,bɪ'liːf,,信任， 相信； 信念,,,
bundle,'bʌndl,,捆，包，束；包袱；收集， 归拢； 把…塞入,,,
suggestion,sə'dʒestʃən,,建议， 意见； 细微的迹象； 暗示,,,
systematic,ˌsɪstə'mætɪk(l),,有系统的， 有计划的,,,
cupboard,'kʌbəd,,柜橱；  碗碟橱， 食橱,,,
generally,'dʒenərəli,,一般地， 通常地； 普遍地,,,
bacon,'beɪkən,,咸肉,,,
likewise,'laɪkwaɪz,,同样地； 也， 又,,,
slender,'slendə(r),,细长的， 苗条的； 微薄的， 不足的,,,
troublesome,'trʌblsəm,,令人烦恼的， 麻烦的,,,
instruction,ɪn'strʌkʃn,,命令， 指示； 用法说明； 教学， 教导,,,
oral,'ɔːrəl,,口头的； 口的,,,
married,'mærid,,已婚的； 婚姻的,,,
transaction,træn'zækʃn,,办理， 处理； 交易， 业务； 会报， 学报,,,
conscious,'kɒnʃəs,,意识到的， 自觉的； 神志清醒的； 有意的， 存心的,,,
fur,fɜː,,软毛， 毛皮， 裘皮； 毛皮衣服,,,
auto,'ɔːtəu,,汽车,,,
sigh,saɪ,,叹气， 叹息；叹息,,,
constant,'kɒnstənt,,经常的，不断的，连续发生的；永恒的；忠实的，忠诚的；常数， 恒量,,,
pants,pænts,,长裤， 便裤； 内裤,,,
mislead,ˌmɪs'liːd,,给…错误印象， 使误解； 把…带错路； 使误入歧途,,,
split,splɪt,,分裂，分离；被撕裂，裂开；分担，分享；裂口,,,
orchestra,'ɔːkɪstrə,,管弦乐队,,,
publication,ˌpʌblɪ'keɪʃn,,出版， 发行； 公布， 发表,,,
sufficient,sə'fɪʃnt,,足够的， 充分的,,,
claim,kleɪm,,声称，主张；对…提出要求，索取；以…为其成果；需要，值得；要求， 认领， 索赔； 声称； 断言,,,
antique,æn'tiːk,,古时的， 过时的；古物，古董,,,
sow,səu,,播， 播种,,,
widespread,'waɪdspred,,分布广的， 普遍的,,,
petroleum,pə'trəuliəm,,石油,,,
communication,kəˌmjuːnɪ'keɪʃn,,通讯， 交流， 交际； 通信工具， 交通联系,,,
directly,dɪ'rektli; daɪ'rektli,,直接地； 正好地， 截然； 立即,,,
tolerance,'tɒlərəns,,忍受， 容忍， 忍耐力； 公差,,,
kneel,niːl,,跪， 跪下， 跪着,,,
porter,'pɔːtə,,搬运工人； 看门人， 大楼管理员,,,
fasten,'fɑːsn,,扎牢， 扣住,,,
contest,'kɒntest,,竞赛， 争夺；争夺， 与…竞争； 对…提出质疑， 辩驳,,,
author,'ɔːθə,,著作家， 作者,,,
dirt,dɜːt,,灰尘， 土； 污物， 污垢,,,
astrophysics,ˌæstrəu'fɪzɪks,,天体物理学,,,
greenhouse,'griːnhaus,,温室， 暖房,,,
preserve,prɪ'zɜːv,,保护， 维持； 保存； 腌制,,,
plus,plʌs,,表示加的；正的；加，加上；加号， 正号,,,
establish,ɪ'stæblɪʃ,,建立， 设立； 确立； 证实,,,
expansion,ɪk'spænʃn,,扩大， 扩充， 扩张， 膨胀,,,
relevant,'reləvənt,,有关的， 切题的,,,
entry,'entri,,入口处； 登记； 进入； 参赛者名单； 条目,,,
license,'laɪsns,,许可，执照；准许,,,
synthetic,sɪn'θetɪk,,综合的， 合成的； 虚假的,,,
headquarters,ˌhed'kwɔːtəz,,司令部， 总部,,,
expand,ɪk'spænd,,扩大， 使膨胀,,,
gaze,geɪz,,凝视， 盯， 注视,,,
essay,'eseɪ,,短文， 散文， 小品文,,,
survey,ˈsəːveɪ; (for v.) səˈveɪ,,俯瞰； 检查； 测量；调查， 勘察； 测量， 勘测； 全面审视， 概括论述,,,
plug,plʌg,,插头，插座；塞子，栓；把…塞住， 用…塞住,,,
bunch,bʌntʃ,,集中， 挤在一起； 形成一束；群，伙；束，串，捆；使成一束,,,
thermometer,θə'mɒmɪtə,,温度计， 寒暑表,,,
tense,tens,,拉紧的；紧张的；拉紧， 绷紧；时态,,,
postpone,pə'spəun,,延迟， 延期,,,
bride,braɪd,,新娘,,,
favourable,'feɪvərəbl,,有利的， 赞成的； 顺利的,,,
hammer,'hæmə,,锤击；锤，榔头,,,
candy,'kændi,,糖果,,,
seal,siːl,,封铅，封条；印，图章；海豹；封,,,
mental,'mentl,,心理的， 精神的， 思想上的； 精神病的； 智力的,,,
decent,'diːsnt,,像样的， 过得去的， 体面的； 宽厚的， 大方的； 正派的； 合乎礼仪的， 得体的,,,
storage,'stɔːrɪdʒ,,贮藏； 贮藏量,,,
investigate,ɪn'vestɪgeɪt,,调查， 研究,,,
racial,'reɪʃl,,种族的， 人种的,,,
switch,swɪtʃ,,转换， 改变；开关，电闸；转换，改变,,,
niece,niːs,,侄女， 外甥女,,,
considerable,kən'sɪdərəbl,,相当大的； 重要的,,,
auxiliary,ɔːg'zɪliəri,,辅助的， 附属的； 后备的,,,
heal,hiːl,,愈合， 痊愈， 恢复健康；使愈合，治愈，使康复；调停，消除,,,
reserve,rɪ'zɜːv,,保留，留存；预订；储备； 保留； 拘谨， 矜持； 替补队员， 后备部队； 自然保护区,,,
somehow,'sʌmhau,,由于某种原因， 不知怎么的； 以某种方式,,,
dive,daɪv,,跳水； 潜水；  俯冲,,,
brick,brɪk,,砖， 砖块， 砖状物,,,
sympathy,'sɪmpəθi,,同情； 一致， 支持， 赞同,,,
heap,hiːp,,堆， 大量,,,
consumer,kən'sjuːmə,,消费者， 用户， 消耗者,,,
rescue,'reskjuː,,营救， 救援,,,
cripple,'krɪpl,,跛子；残疾人；使跛； 使残疾,,,
highly,'haɪli,,高度地， 极， 非常赞许地,,,
brief,briːf,,简短的，短暂的；向…介绍基本情况，做…的提要；概要， 摘要,,,
keyboard,'kiːbɔːd,,键盘,,,
initiative,ɪ'nɪʃətɪv,,主动性； 首创精神； 主动的行动， 倡议； 主动权,,,
recover,rɪ'kʌvə,,重新获得， 挽回； 恢复,,,
determine,dɪ'tɜːmɪn,,决意；决定；查明；使下决心,,,
nature,'neɪtʃə,,大自然； 本性； 性质,,,
social,'səuʃl,,社会的； 交际的， 社交的,,,
medication,ˌmedi'keɪʃn,,药物治疗； 药物,,,
drill,drɪl,,钻， 打； 训练；钻头；操练，训练,,,
intelligent,ɪn'telɪdʒənt,,聪明的， 理智的,,,
whilst,waɪlst,,当…的时候,,,
clerk,klɑːk,,店员， 办事员， 职员,,,
lobby,'lɒbi,,向进行游说；大厅；休息室；院外活动集团,,,
acknowledge,ək'nɒlɪdʒ,,承认， 承认…的权威； 告知收到， 确认； 对…表示感谢， 报偿,,,
equip,ɪ'kwɪp,,装备， 配备； 使有准备,,,
radiation,ˌreɪdi'eɪʃn,,放射物， 辐射能； 辐射,,,
Christian,'krɪstʃən,,基督教的；基督教徒，信徒,,,
pulse,pʌls,,搏动， 跳动；脉搏；脉冲,,,
luxury,'lʌkʃəri,,奢侈； 奢侈品,,,
spiritual,'spɪrɪtʃuəl,,精神的， 心灵的； 宗教的,,,
worthwhile,'wɜːθ'waɪl,,值得花时间的， 值得做的,,,
mould,məuld,,霉，霉菌；模型，铸模；性格，气质；用模子做， 浇铸； 使形成， 把…铸造成,,,
increasingly,ɪn'krɪːsɪŋli,,日益， 越来越多地,,,
elbow,'elbəu,,肘，肘部；用肘部， 用肘挤,,,
salad,'sæləd,,色拉， 凉拌菜,,,
strategic,strə'tiːdʒɪk,,对全局有重要意义的， 关键的； 战略的,,,
vary,'veəri,,改变； 多样化,,,
readily,'redɪli,,乐意地， 欣然地； 容易地； 很快地， 立即,,,
stoop,stuːp,,俯身，弯腰；堕落，自贬；弯腰， 曲背,,,
upper,'ʌpə,,上面的， 地位较高的,,,
rocket,'rɒkɪt,,迅速上升， 猛涨；火箭,,,
splendid,'splendɪd,,壮丽的； 极好的,,,
county,'kaunti,,郡， 县,,,
respondent,rɪ'spɒndənt,,回答者； 响应者； 被告,,,
episode,'epɪsəud,,一个事件； 插曲， 片段； 连续剧的一集,,,
convenience,kən'viːniəns,,方便； 便利设施,,,
determination,dɪˌtɜːmɪ'neɪʃn,,决心， 决定； 确定,,,
discipline,'dɪsəplɪn,,纪律；训练；惩罚；学科；训练； 惩罚， 处罚,,,
behalf,bɪ'hɑːf,,利益,,,
evidently,'evɪdəntli,,明显地， 显然,,,
objective,əb'dʒektɪv,,客观的， 无偏见的；目标，目的,,,
injure,'ɪndʒə,,伤害， 损害， 使遭受损伤,,,
victimize,'vɪktɪmaɪz,,使受害， 使牺牲,,,
exert,ɪg'zɜːt,,尽； 运用,,,
province,'prɒvɪns,,省； 领域， 范围,,,
scandal,'skændl,,丑事， 丑闻； 流言蜚语； 反感， 愤慨,,,
horrible,'hɒrəbl,,令人恐惧的， 可怕的； 骇人听闻的； 极讨厌的， 使人不愉快的； 糟透的,,,
estimate,'estɪmeɪt,,估计； 评价；估计； 评价， 看法,,,
strengthen,'streŋθn,,加强， 巩固,,,
drip,drɪp,,滴下，漏水；水滴； 滴水声,,,
injury,'ɪndʒəri,,损害， 伤害； 受伤处,,,
exhibit,ɪg'zɪbɪt,,显示；陈列，展览；展览品,,,
brand,brænd,,品牌；烙印；铭刻， 打烙印于； 加污名于， 谴责,,,
mushroom,'mʌʃruːm; 'mʌʃrum,,迅速成长；蘑菇,,,
alcohol,'ælkəhɒl,,酒精， 乙醇,,,
choke,tʃəuk,,使窒息； 塞满， 塞住,,,
proposal,prə'pəuzl,,提议， 建议； 求婚,,,
inevitable,ɪn'evɪtəbl,,不可避免的， 必然的,,,
deny,dɪ'naɪ,,否定， 否认； 拒绝…的要求,,,
miserable,'mɪzrəbl,,痛苦的； 悲惨的； 令人难受的,,,
recreation,ˌrekri'eɪʃn,,娱乐活动， 消遣,,,
subtract,səb'trækt,,减， 减去， 去掉,,,
allowance,ə'lauəns,,津贴， 补贴； 零用钱,,,
portable,'pɔːtəbl,,便于携带的， 手提式的,,,
ancient,'eɪnʃənt,,古代的， 古老的； 年老的， 看上去很老的,,,
glory,'glɔːri,,光荣， 荣誉的事； 美丽,,,
secondary,'sekəndri,,次要的， 第二的； 中等的； 辅助的， 从属的,,,
mission,'mɪʃn,,使命， 任务； 使团,,,
attorney,ə'tɜːni,,律师， 代理人,,,
wander,'wɒndə,,漫游， 闲逛， 漫步； 偏离正道； 走神， 恍惚,,,
adopt,ə'dɒpt,,收养； 采用， 采取； 正式通过， 批准,,,
oppose,ə'pəuz,,反对； 反抗,,,
singular,'sɪŋgjələ,,单数的； 非凡的， 奇特的； 独一无二的,,,
device,dɪ'vaɪs,,器械， 装置， 设备； 手段， 策略,,,
mainframe,'meɪnfreɪm,,主机， 大型机,,,
motor,'məutə,,发动机， 电动车,,,
minus,'maɪnəs,,负的；减；负数；减号,,,
conservative,kən'sɜːvətɪv,,保守的，守旧的；不时兴的，传统的；保守的人,,,
access,'ækses,,接近；通道，入口；接近的机会；存取,,,
conference,'kɒnfərəns,,会议， 讨论会； 讨论， 商谈,,,
activity,æk'tɪvəti,,活动； 活力； 行动,,,
primitive,'prɪmətɪv,,原始的，早期的；简单的；粗糙的；原人； 原始事物,,,
advisable,əd'vaɪzəbl,,明智的， 可取的,,,
dormitory,'dɔːmətri,,集体寝室， 宿舍,,,
overcome,ˌəuvə'kʌm,,战胜， 克服； 压倒， 使受不了,,,
cooperate,kəu'ɒpəreɪt,,合作， 协作； 配合,,,
cabin,'kæbɪn,,小屋； 船舱， 机舱,,,
sum,sʌm,,共计；总数；金额；算术,,,
current,'kʌrənt,,当前的， 通用的； 流行的， 流传的,,,
heel,hiːl,,脚后跟， 踵； 后跟,,,
variety,və'raɪəti,,多样化； 种类； 变种,,,
disturb,dɪ'stɜːb,,打扰， 扰乱； 弄乱； 使不安,,,
copper,'kɒpə,,铜； 铜币， 铜制器,,,
persist,pə'sɪst,,坚持， 持续,,,
audio,'ɔːdiəu,,听觉的， 声音的,,,
civilian,sə'vɪlɪən,,平民， 百姓,,,
pump,pʌmp,,泵；抽， 泵送， 打气,,,
pierce,pɪəs,,刺穿， 穿孔于,,,
teenager,'tiːneɪdʒə,,青少年,,,
apart,ə'pɑːt,,成距离，相间隔；分开，除去；分离的， 分隔的,,,
calendar,'kælɪndə,,日历， 历书， 历法,,,
offensive,ə'fensɪv,,冒犯的，无礼的；进攻的，攻击性的；进攻， 攻势,,,
cartoon,kɑː'tuːn,,卡通画， 幽默画； 动画片， 卡通片,,,
speculate,'spekjuleɪt,,推测， 推断； 投机， 做投机买卖,,,
launch,lɔːntʃ,,发射，投射，发动；使下水；发射； 下水,,,
amid,ə'mɪd,,在…中间， 在…之中， 被…围绕,,,
beloved,bɪ'lʌvd,,所钟爱的， 所爱戴的,,,
single,'sɪŋgl,,单一的；独身的；单程的；单程票；,,,
confirm,kən'fɜːm,,证实， 肯定； 确认； 批准,,,
cement,sɪ'ment,,水泥，胶泥；黏结； 巩固， 使团结,,,
subway,'sʌbweɪ,,地道； 地铁,,,
gallon,'gælən,,加仑,,,
acquaint,ə'kweɪnt,,使认识， 使了解,,,
appoint,ə'pɔɪnt,,任命， 委任； 约定， 指定,,,
elastic,ɪ'læstɪk,,有弹性的， 灵活的；松紧带,,,
assist,ə'sɪst,,援助， 帮助， 协助,,,
vast,vɑːst,,巨大的， 大量的； 浩瀚的,,,
intervene,ˌɪntə'viːn,,干涉， 调停， 干预； 插入， 介入； 干扰， 打扰,,,
undergraduate,ˌʌndə'grædʒuət,,大学本科生,,,
symbol,'sɪmbl,,象征； 符号， 标志,,,
commercial,kə'mɜːʃl,,商业的， 商务的； 商品化的， 商业性的,,,
joint,dʒɔɪnt,,连接的； 共同的；接头，接缝；关节,,,
reasonable,'riːznəbl,,通情达理的， 讲道理的； 合理的； 公道的； 尚好的， 过得去的,,,
available,ə'veɪləbl,,现成可使用的， 通用的； 可取的； 联系的； 可得到的,,,
confine,kən'faɪn,,限制， 使局限； 使不外出， 禁闭,,,
advocate,'ædvəkeɪt；-ət,,拥护， 提倡， 主张；拥护者， 提倡者； 辩护者， 律师,,,
frequency,'friːkwənsi,,屡次； 次数， 频率,,,
horizontal,ˌhɒrɪ'zɒntl,,地平的， 水平的,,,
luggage,'lʌgɪdʒ,,行李,,,
lick,lɪk,,舔，舔吃；打败，克服；轻拍，吞卷；舔； 少量， 少许,,,
missile,'mɪsaɪl,,导弹， 飞弹， 投射物,,,
dynamic,daɪ'næmɪk,,有活力的；动力的；不断变化的；动力； 动力学,,,
satisfactory,ˌsætɪs'fæktəri,,令人满意的,,,
military,'mɪlətri,,军事的，军用的；军队， 武装力量,,,
reluctant,rɪ'lʌktənt,,不情愿的， 勉强的,,,
generate,'dʒenəreɪt,,发生， 引起； 生殖,,,
unusual,ˌʌn'juːʒuəl,,不平常的， 少有的； 独特的， 与众不同的,,,
sector,'sektə,,部门， 部分； 防御地段， 防区； 扇形,,,
passion,'pæʃn,,激情， 热情； 酷爱,,,
extreme,ɪk'striːm,,极度的；末端的；极端， 过分,,,
coil,kɔɪl,,卷，圈；线圈；卷,,,
ensure,ɪn'ʃuə,,保证； 保护,,,
coordinate,kəʊ'ɔ:dɪneɪt,,同等的， 并列的；协调， 调节；坐标,,,
organism,'ɔːgənɪzəm,,生物， 有机体； 机体， 有机组织,,,
athlete,'æθliːt,,运动员， 体育家,,,
epidemic,ˌepɪ'demɪk,,流行性的；传染的；流行病； 传播,,,
suppose,sə'pəuz,,猜想， 假定， 让； [常用于被动语态]期望， 认为应该,,,
upright,'ʌpraɪt,,挺直着， 竖立着；垂直的；正直的，诚实的,,,
remarkable,rɪ'mɑːkəbl,,值得注意的， 引人注目的； 异常的， 非凡的,,,
brake,breɪk,,制动； 刹住， 用闸使放慢速度；闸，刹车,,,
tube,tjuːb,,管， 电子管， 显像管,,,
naval,'neɪvl,,海军的,,,
failure,'feɪljə,,失败， 失败的人； 失灵， 故障； 不履行,,,
accountancy,ə'kauntənsi,,会计工作； 会计学,,,
forge,fɔːdʒ,,打制， 锻造； 伪造,,,
carpet,'kɑːpɪt,,地毯,,,
solve,sɒlv,,解答； 解释； 解决,,,
hint,hɪnt,,暗示， 示意；暗示，示意；细微的迹象；建议,,,
knot,nɒt,,打结；结；节疤；节；把…打成结,,,
demonstrate,'demənstreɪt,,说明； 论证； 表露,,,
region,'riːdʒən,,地区， 地带， 区域； 范围， 幅度,,,
support,sə'pɔːt,,支撑；支持；供养；证实；支持， 支撑物， 支持者,,,
yearly,'jɜːli;'jɪəli,,一年一度地；每年的,,,
deceive,dɪ'siːv,,欺骗， 蒙蔽， 行骗,,,
saucer,'sɔːsə,,茶托， 碟子,,,
hire,'haɪə,,租用； 雇用,,,
kid,kɪd,,戏弄， 开玩笑；小孩；年轻人,,,
donkey,'dɔŋki,,驴； 笨蛋,,,
destination,ˌdestɪ'neɪʃn,,目的地， 终点， 目标,,,
vertical,'vɜːtɪkl,,垂直的， 竖式的,,,
learning,'lɜːnɪŋ,,学习； 学问， 知识,,,
monument,'mɒnjumənt,,纪念碑， 纪念馆； 历史遗迹,,,
misconception,ˌmɪskən'sepʃn,,误解,,,
damp,dæmp,,潮湿的，微湿的；潮湿，湿气；使潮湿； 使沮丧； 抑制,,,
vivid,'vɪvɪd,,鲜艳的； 生动的， 栩栩如生的,,,
honey,'hʌni,,蜜， 蜂蜜； 甜， 甜蜜； [常用于称呼] 宝贝儿,,,
screw,skruː,,螺丝；固定， 拧紧,,,
gap,gæp,,缺口； 间隔； 差距； 缺陷,,,
missing,'mɪsɪŋ,,缺掉的， 失踪的,,,
emphasize,'emfəsaɪz,,强调， 着重,,,
virtue,'vɜːtʃuː,,善， 美德； 优点， 长处,,,
normal,'nɔːml,,正常的， 平常的； 正规的， 规范的,,,
socialist,'səuʃəlɪst,,社会主义者,,,
gradual,'grædʒuəl,,逐渐的， 渐进的； 坡度平缓的,,,
figure,'fɪgə,,出现； 合乎情理； 计算； 认为， 猜想；数字；人物；算术；体形，体态；轮廓；画像，塑像；图，图形,,,
ore,ɔː,,矿， 矿石,,,
slight,slaɪt,,轻微的，微小的；侮慢；轻视，冷落,,,
previous,'priːviəs,,先的， 前的； 以前的,,,
transmit,trænz'mɪt; træns'mɪt,,传送， 传递； 传染； 播送， 发射,,,
socialism,'səuʃəlɪzəm,,社会主义,,,
consumption,kən'sʌmpʃn,,消耗， 消费,,,
argue,'ɑːgjuː,,争辩， 争论；争论，争辩，辩论；主张；说服,,,
technology,tek'nɒlədʒi,,工艺学； 工艺， 技术,,,
weaken,'wiːkən,,削弱， 变弱,,,
voltage,'vəultɪdʒ,,电压,,,
damn,dæm,,该死，见鬼〔表示很生气或失望〕；非常，很；该死的〔表示对某人或某事物生气〕,,,
superior,sjuː'pɪəriə,,上级的，较高的；优越的；有优越感的，高傲的；上级， 长官,,,
location,ləu'keɪʃn,,位置， 场所； 外景拍摄地,,,
compensation,ˌkɒmpen'seɪʃn,,补偿， 赔偿,,,
bankrupt,'bæŋkrʌpt,,破产的,,,
punctual,'pʌŋktʃuəl,,严守时刻的， 准时的,,,
advertise,'ædvətaɪz,,为…做广告， 宣传； 公告； 登广告,,,
compromise,'kɒmprəmaɪz,,妥协； 危及； 放弃；妥协，和解，折中办法,,,
sack,sæk,,麻袋，包；解雇；洗劫，劫掠；解雇； 洗劫， 劫掠,,,
software,'sɒftweə,,软件,,,
seminar,'semɪnɑː,,研究班， 研讨会,,,
comparative,kəm'pærətɪv,,比较的， 相对的,,,
competition,ˌkɒmpə'tɪʃn,,竞争， 比赛,,,
fruitful,'fruːtful,,多产的， 肥沃的,,,
react,ri'ækt,,反应， 作出反应,,,
dragon,'drægən,,龙,,,
hesitant,'hezɪtənt,,犹豫的； 吞吞吐吐的,,,
beyond,bɪ'jɒnd,,在更远处， 再往后；在…的那边，远于；迟于；越出,,,
hell,hel,,地狱； 极大的痛苦,,,
feedback,'fiːdbæk,,回授， 反馈， 反应,,,
hazard,'hæzəd,,危险；公害；尝试着做； 冒…风险,,,
justify,'dʒʌstɪfaɪ,,证明…是正当的,,,
voluntary,'vɒləntri,,自愿的， 志愿的,,,
connection,kə'nekʃn,,联系， 关系； 连接， 衔接； 连贯性； 熟人， 关系,,,
proof,pruːf,,耐…的， 能防…的；证据，证明；校样，样张,,,
timber,'tɪmbə,,木材， 原木； 大木料， 栋木,,,
roar,rɔː,,吼叫，怒号，咆哮；轰鸣；大声喊出，大声表示；呐喊声， 咆哮声， 吼叫声； 轰鸣,,,
presence,'prezns,,出席， 到场； 存在； 仪表， 仪态,,,
phase,feɪz,,阶段； 方面； 相， 相位,,,
surrounding,sə'raundɪŋ,,附近的；四周的,,,
efficiency,ɪ'fɪʃnsi,,效率； 功效， 效能,,,
overhead,əʊvə'hed,,在头顶上；在头顶上的，架空的；经常费用， 管理费用,,,
contract,'kɒntrækt,,缩小； 订合同； 感染， 染上；契约， 合同,,,
conclude,kən'kluːd,,推断出， 推论出； 结束， 终了； 缔结， 议定,,,
comprehension,ˌkɒmprɪ'henʃn,,理解， 理解力， 领悟； 理解力测验,,,
beggar,'begə,,乞丐；使贫穷,,,
leather,'leðə,,皮革， 皮革制品,,,
comb,kəum,,梳子；鸡冠，冠状物；梳理； 在…搜寻； 彻底搜查,,,
innovative,'ɪnəveɪtɪv,,创新的， 革新的,,,
insight,'ɪnsaɪt,,洞察力； 洞悉； 深刻见解,,,
fabric,'fæbrɪk,,织物， 纺织品； 结构,,,
revolutionary,ˌrevə'luːʃənəri,,革命的，革新的；革命者,,,
following,'fɒləuɪŋ,,接着的，下列的；一批追随者,,,
exact,ɪg'zækt,,确切的，精确的；强求， 索取,,,
indoor,'ɪndɔː,,在室内， 在户内；室内的,,,
force,fɔːs,,强迫；用力推动，用力打开；军队， 兵力； 暴力， 武力； 力， 力气； 影响力， 效力,,,
centigrade,'sentɪgreɪd,,百分度的； 摄氏的,,,
sexual,'sekʃuəl,,性的， 两性的； 性别的,,,
sympathetic,ˌsɪmpə'θetɪk,,同情的； 和谐的； 赞同的， 支持的； 合意的,,,
freight,freɪt,,货运；货物；运费；运送,,,
range,reɪndʒ,,变动； 漫游， 四处搜索； 使排列成行；一系列；范围；射程，距离；脉；射击场,,,
distribution,ˌdɪstrɪ'bjuːʃn,,分发， 分配； 分布,,,
tyre,'taɪə,,轮胎， 车胎,,,
derive,dɪ'raɪv,,取得； 起源,,,
capacity,kə'pæsəti,,容量； 能力， 才能； 能量； 身份， 地位,,,
cope,kəup,,应付， 处理,,,
overseas,ˌəuvə'siːz,,在海外；在海外的,,,
impress,ɪm'pres,,给人印象，引人注目；给…深刻印象；印，压印；印记； 特征,,,
confess,kən'fes,,供认， 坦白； 承认,,,
leak,liːk,,漏；泄露；漏洞,,,
ghost,gəust,,鬼， 灵魂， 鬼魂,,,
feature,'fiːtʃə,,起重要作用；特征，特色；面貌；特写，专题节目；故事片；突出；由…主演,,,
lean,liːn,,倾斜；屈身；靠；瘦的； 贫瘠的,,,
flat,flæt,,平直地； 直截了当地；平的；固定的；漏气的；平淡的；沉闷的；浅的；一套房间，单元住宅,,,
recall,rɪ'kɔːl,,回忆； 召回， 叫回； 收回， 撤销,,,
leap,liːp,,跳，跃；跳跃； 骤变,,,
waterproof,'wɔːtəpruːf,,不透水的， 防水的,,,
barber,'bɑːbə,,理发师,,,
precise,prɪ'saɪs,,精确的， 准确的； 严谨的,,,
sensible,'sensəbl,,明智的； 合情理的； 有知觉的,,,
objection,əb'dʒekʃn,,反对， 异议； 反对的理由,,,
dispute,dɪ'spjuːt; 'dɪspjuːt,,争论， 争执； 对…表示异议；争论,,,
precious,'preʃəs,,珍贵的， 宝贵的,,,
observation,ˌɒbzə'veɪʃn,,注意， 观察； 言论， 评论； 观察资料,,,
tremble,'trembl,,发抖，哆嗦；摇动；颤抖； 摇晃， 摇动,,,
suspect,sə'spekt,,可疑的， 不信任的；疑有；推测；对…表示怀疑；嫌疑犯，可疑分子,,,
apologize,ə'pɒlədʒaɪz,,道歉， 谢罪， 认错,,,
inhabitant,ɪn'hæbɪtənt,,居民， 住户,,,
fraction,'frækʃn,,小部分； 片断； 分数,,,
filter,'fɪltə,,过滤，透；走漏；滤纸， 过滤嘴,,,
sunlight,'sʌnlaɪt,,日光， 阳光,,,
site,saɪt,,地点，场所；使坐落在； 设置,,,
emotion,ɪ'məuʃn,,情感， 感情； 激动,,,
massive,'mæsɪv,,大的， 大而重的； 大块的； 大量的， 大规模的,,,
cease,siːs,,停止， 终止,,,
assess,ə'ses,,对估价； 评价， 评论,,,
asset,'æset,,资产， 财产； 有价值的特性或技能， 优点,,,
owe,əu,,欠； 应把…归功于； 感激， 感恩,,,
scarce,skeəs,,缺乏的， 不足的； 稀少的， 罕见的,,,
minimum,'mɪnɪməm,,最低的， 最小的；最低限度；最小量,,,
queue,kjuː,,排队等候；长队，行列,,,
mathematical,ˌmæθə'mætɪkl,,数学的,,,
apology,ə'pɒlədʒi,,道歉， 认错， 谢罪,,,
magic,'mædʒɪk,,有魔力的； 魔术的；魔法，魅力,,,
argument,'ɑːgjumənt,,争论， 辩论； 理由； 说理， 论证,,,
reveal,rɪ'viːl,,揭露， 泄露； 展现， 显示,,,
data,'deɪtə,,资料，数据,,,
theoretical,ˌθɪə'retɪkl,,理论的,,,
adequate,'ædɪkwət,,足够的； 可以胜任的,,,
utter,'ʌtə,,完全的，彻底的；发出， 说， 讲,,,
onion,'ʌnjən,,洋葱； 洋葱类植物,,,
vibrate,vaɪ'breɪt,,颤动,,,
drum,drʌm,,有节奏地敲击；鼓，鼓状物；圆桶,,,
sausage,'sɒsɪdʒ,,香肠， 腊肠,,,
hopeful,'həupfl,,有希望的,,,
tremendous,trə'mendəs,,极大的， 非常的； 精彩的， 了不起的,,,
condense,kən'dens,,冷凝， 凝结； 浓缩， 压缩， 简缩,,,
barrier,'bæriə,,栅栏； 检票口； 屏障； 障碍， 隔阂,,,
realistic,ˌriːə'lɪstɪk,,现实的； 实际可行的； 现实主义的； 逼真的,,,
justice,'dʒʌstɪs,,正义， 公正； 司法,,,
create,kri'eɪt,,创造； 引起， 产生,,,
criminal,'krɪmɪnl,,犯罪的， 刑事的；犯人，罪犯，刑事犯,,,
tag,tæg,,尾随；附加语；标签；给…加上标签,,,
notebook,'nəutbuk,,笔记本,,,
curious,'kjuəriəs,,好奇的； 奇怪的,,,
indirect,ˌɪndə'rekt; ˌɪndaɪ'rekt,,间接的， 婉转的,,,
individual,ˌɪndɪ'vɪdʒuəl,,个别的；独特的；个人， 个体,,,
resource,rɪ'sɔːs; rɪ'zɔːs,,资源； 财力； 应付办法， 谋略,,,
ugly,'ʌgli,,丑陋的； 可怕的,,,
nuisance,'njuːsns,,讨厌的东西,,,
tax,tæks,,税，税款；负担；对…征税； 使负担重， 使费尽力气,,,
earthquake,'ɜːθkweɪk,,地震， 大震荡,,,
excitement,ɪk'saɪtmənt,,刺激， 激动， 兴奋； 令人兴奋的事， 刺激的因素,,,
nightmare,'naɪtmeə,,噩梦； 可怕的事物， 无法摆脱的恐惧,,,
cord,kɔːd,,细绳， 粗线， 索； 灯芯绒裤,,,
ending,'endɪŋ,,结尾， 结局； 死亡,,,
core,kɔː,,果实的心； 核心， 要点,,,
council,'kaunsl,,理事会， 委员会,,,
enforce,ɪn'fɔːs,,实施， 执行； 强制， 强迫， 迫使,,,
embassy,'embəsi,,大使馆； 大使馆全体成员,,,
departure,dɪ'pɑːtʃə,,离开， 起程， 出发； 背离， 违背,,,
dash,dæʃ,,猛冲，击碎；使猛撞，飞奔；溅；猛冲； 破折号,,,
concrete,'kɒŋkriːt,,实在的， 具体的；混凝土；具体物,,,
penalty,'penəlti,,处罚， 惩罚； 罚金,,,
sociology,ˌsəusi'ɒlədʒi,,社会学,,,
link,lɪŋk,,连接，联系；环节， 联系， 纽带,,,
flee,fliː,,逃走， 逃掉， 逃离； 避开， 逃避,,,
distinct,dɪ'stɪŋkt,,与其他不同的； 清楚的， 明显的,,,
scale,skeɪl,,大小，规模；等级，级别；天平，磅秤；比例；刻度，标度；鳞；攀登， 爬越,,,
recovery,rɪ'kʌvəri,,恢复， 痊愈； 追回， 寻回， 收复,,,
hedge,hedʒ,,用篱笆围； 避免直接回答；篱笆，树篱；障碍物,,,
tune,tjuːn,,调子；和谐；调整， 调节； 为调音,,,
weep,wiːp,,哭泣， 流泪； 渗出,,,
aware,ə'weə,,知道的， 意识到的,,,
drama,'drɑːmə,,戏剧， 剧本； 戏剧性事件,,,
security,sɪ'kjuərəti,,安全， 保障； 抵押品； 证券,,,
limp,lɪmp,,软的；不强壮的；〔因一腿受伤而〕跛行，一瘸一拐地走；跛行,,,
award,ə'wɔːd,,奖，奖品；判定；授予， 给予； 判给， 裁定,,,
organize,'ɔːgənaɪz,,组织， 把…编组； 使有条理,,,
marriage,'mærɪdʒ,,结婚， 婚姻； 婚礼,,,
stove,stəuv,,炉， 火炉， 电炉,,,
alarm,ə'lɑːm,,惊恐；忧虑；警报；使惊恐； 使担心,,,
weed,wiːd,,除草；杂草，野草,,,
continual,kən'tɪnjuəl,,连续的； 频频的,,,
herd,hɜːd,,兽群，牧群；放牧,,,
limb,lɪm,,肢， 臂， 腿； 树枝,,,
balloon,bə'luːn,,气球， 玩具气球,,,
motion,'məuʃn,,打手势， 示意；运动；手势，眼色，动作；提议,,,
limited,'lɪmɪtɪd,,有限的,,,
idle,'aɪdl,,空闲的，懒散的；无用的；虚度， 无所事事,,,
confidence,'kɒnfɪdəns,,信任， 信赖； 信心， 自信,,,
arbitrary,'ɑːbɪtrəri,,随心所欲的， 专断的,,,
fearful,'fɪəfl,,害怕的， 可怕的； 不安的， 忧虑的,,,
accent,'æksənt,,口音， 腔调； 重音,,,
passive,'pæsɪv,,被动的， 消极的,,,
fertilizer,'fɜːtəlaɪzə,,肥料,,,
lorry,'lɒri,,运货汽车， 卡车,,,
carrier,'kæriə,,运输工具， 运载工具； 带菌者； 载重架， 置物架,,,
fragment,'frægmənt,,成碎片；碎片，破片，碎块,,,
corresponding,ˌkɒrə'spɒndɪŋ,,相应的， 符合的,,,
response,rɪ'spɒns,,回答， 答复； 反应， 响应,,,
treaty,'triːti,,条约， 协议， 协定,,,
responsive,rɪ'spɒnsɪv,,响应的； 敏感的， 易受影响的,,,
ounce,auns,,盎司,,,
challenge,'tʃælɪndʒ,,挑战；邀请比赛；艰巨的任务；怀疑，质问；反对， 公然反抗； 向…挑战； 对…质疑,,,
emit,i'mɪt,,散发； 发射； 发表,,,
category,'kætəgəri,,种类， 类， 类别,,,
rival,'raɪvl,,竞争的，对抗的；竞争对手，敌手；可与匹敌的人；与 …竞争； 与…匹敌， 比得上,,,
intend,ɪn'tend,,想要， 打算； 意思是； 打算使,,,
snap,snæp,,咔嚓折断，啪地绷断；吧嗒一声；猛咬；厉声说话，怒声责骂；仓促的， 突然的；吧嗒声；快照,,,
