word,kana,pos,meaning,example,example_trans,image_url
次々,つぎつぎ,,接二连三，一个接一个,,,
囲む,かこむ,,包围，包围,,,
公平,こうへい,,公平、公正、公正,,,
発表,はっぴょう,,公告、刊物,,,
日曜,にちよう,,星期日,,,
表,ひょう,,表格（例如表1），图表，列表,,,
正午,しょうご,,中午，中午,,,
教科書,きょうかしょ,,教科书,,,
丘,おか,,山，高，丘，上升地面,,,
種類,しゅるい,,品种，种类，类型,,,
ブレーキ,ブレーキ,,刹车,,,
発見,はっけん,,发现、检测、查找,,,
飯,めし,,（sl） 膳食，食品,,,
発行,はっこう,,问题（出版物）,,,
わざと,わざと,,故意,,,
渋滞,じゅうたい,,拥堵（如交通）、延误、停滞,,,
船,ふね,,船，船，船只，航运，船只，轮船,,,
上,うえ,,（1）第一卷，（2）质量上乘，（3）政府,,,
先日,せんじつ,,前几天，几天前,,,
本物,ほんもの,,正品,,,
現れる,あらわれる,,（1）显现，显现，显现，（2）表达自己,,,
結ぶ,むすぶ,,打结，绑定，链接,,,
恋人,こいびと,,情人，甜心,,,
活用,かつよう,,共轭，实际使用,,,
地,ち,,地球,,,
宇宙,うちゅう,,宇宙，宇宙，空间,,,
ライター,ライター,,打火机，骑手，作家,,,
消費,しょうひ,,消费，支出,,,
成人,せいじん,,成人,,,
科目,かもく,,（学校） 学科，课程，课程,,,
追い付く,おいつく,,要超车，要追赶（跟）,,,
休憩,きゅうけい,,休息，休息，休息，中场休息,,,
基,もと,,基础,,,
飛び出す,とびだす,,跳出去，冲出去，飞出去,,,
芽,め,,发芽,,,
負け,まけ,,失败，失败，失败（一场比赛）,,,
無事,ぶじ,,安全、和平、安静,,,
会計,かいけい,,会计，财务，会计,,,
最も,もっとも,,最，极,,,
構成,こうせい,,组织、组成,,,
県,けん,,府,,,
招待,しょうたい,,邀请,,,
皿,さら,,盘子，盘子,,,
承知,しょうち,,同意，接受，同意，承认,,,
金庫,きんこ,,保险箱，金库，金库，资金提供者,,,
影響,えいきょう,,影响，效果,,,
方々,かたがた,,人，这个那个，这里和那里，无处不在,,,
免許,めんきょ,,执照，许可证，执照，证书,,,
担当,たんとう,,（in） 收费,,,
すみません,すみません,,对不起，对不起,,,
板,いた,,板，板,,,
撃つ,うつ,,攻击，击败，摧毁,,,
夜中,よなか,,午夜，夜深人静,,,
砂漠,さばく,,沙漠,,,
匂い,におい,,气味，气味，气味，恶臭,,,
スピーチ,スピーチ,,演讲,,,
明確,めいかく,,清理，澄清，定义,,,
診察,しんさつ,,体检,,,
騒ぎ,さわぎ,,喧嚣，骚乱,,,
中止,ちゅうし,,暂停、停工、中止、中断,,,
時期,じき,,时间，季节，期间,,,
性格,せいかく,,性格，个性,,,
貯金,ちょきん,,（银行）储蓄,,,
おしゃべり,おしゃべり,,喋喋不休，谈话，闲聊,,,
愛する,あいする,,去爱,,,
障害,しょうがい,,障碍物、障碍物（故障）、损坏,,,
素,もと,,主要,,,
通学,つうがく,,上学的通勤,,,
預ける,あづける,,交托、委托、交存,,,
計画,けいかく,,计划，项目，进度，方案，程序,,,
救助,きゅうじょ,,救济，援助，救援,,,
スタイル,スタイル,,风格,,,
差,さ,,差异，变化,,,
キャンプ,キャンプ,,营地,,,
王,おう,,国王，统治者，君主，君主,,,
旅,たび,,旅行，旅行，旅程,,,
無料,むりょう,,免费，不收费,,,
解決,かいけつ,,结算，解决方案，解决,,,
信用,しんよう,,信心，依赖，信用，信念,,,
疑う,うたがう,,怀疑，不信任，怀疑，怀疑,,,
土地,とち,,地块，地块，土壤,,,
湾,わん,,海湾，海湾，入口,,,
恋,こい,,爱，温柔的激情,,,
得意,とくい,,骄傲、胜利、繁荣,,,
評価,ひょうか,,估价，估价，评估，评价,,,
論文,ろんぶん,,论文，论文，论文，论文,,,
腹,はら,,腹部、腹部、胃部,,,
二十,にじゅう,,20岁，20岁,,,
中心,ちゅうしん,,中心，核心，心脏，枢轴，强调，平衡,,,
決定,けってい,,决定，决心,,,
活動,かつどう,,动作，活动,,,
来,き,,，（10 天），下一（年）,,,
サービス,サービス,,（1）服务，支持系统，（2）免费商品或服务,,,
医療,いりょう,,医疗、医疗,,,
関心,かんしん,,关注，关注,,,
未来,みらい,,将来（生命，时态）,,,
発車,はっしゃ,,车辆的出发,,,
納得,なっとく,,同意，同意，理解,,,
急に,きゅうに,,--,,,
冗談,じょうだん,,开玩笑，开玩笑,,,
空く,すく,,（1）打开，变得空旷，（2）不那么拥挤,,,
昇る,のぼる,,升起，上升，上升,,,
絶対,ぜったい,,绝对的，无条件的，绝对的,,,
沈む,しずむ,,沉沦，感到沮丧,,,
気付く,きづく,,去注意，去认识，去觉知,,,
文,ぶん,,句,,,
航空,こうくう,,航空，飞行,,,
ピン,ピン,,针,,,
刺激,しげき,,刺激，推动力，激励,,,
大気,たいき,,大气层,,,
ペンキ,ペンキ,,（n） 油漆 （nl： pek）,,,
信号,しんごう,,交通信号灯，信号灯，信号灯,,,
結論,けつろん,,结论,,,
郵便,ゆうびん,,邮件，邮政服务,,,
ベンチ,ベンチ,,板凳,,,
履く,はく,,穿，穿（下半身）,,,
向ける,むける,,转向，指向,,,
順番,じゅんばん,,转弯（成线），事情的顺序,,,
伺う,うかがう,,（hon） 访问、询问、询问,,,
替える,かえる,,交换，交换，替代，替换,,,
印刷,いんさつ,,印刷,,,
身長,しんちょう,,身高（身体），身材,,,
虎,とら,,老虎,,,
証明,しょうめい,,证明，验证,,,
泉,いずみ,,泉水，喷泉,,,
刑事,けいじ,,刑事案件，（警察）侦探,,,
捕まる,つかまる,,被抓，被抓,,,
振る,ふる,,（1）挥舞，摇晃，摆动，（2）洒水，（3）演员，分配（工作）,,,
詩人,しじん,,诗人,,,
単に,たんに,,简单，仅，仅，仅,,,
偶然,ぐうぜん,,（通过）偶然，出乎意料，突然,,,
天候,てんこう,,天气,,,
文字,もじ,,字母（字母），字符,,,
そこ,そこ,,底部，鞋底,,,
満ちる,みちる,,要饱满，要上升（潮汐），要成熟，要过期,,,
適する,てきする,,合身，合身,,,
ぼんやり,ぼんやり,,心不在焉，笨拙，昏暗，昏昏沉沉，含糊不清,,,
品,しな,,事物，文章，商品，尊严，物品（商品），餐程柜台,,,
命令,めいれい,,命令，命令，法令，指令，（软件）指令,,,
句,く,,句,,,
頭痛,ずつう,,头痛,,,
正,ただし,,（逻辑）真，规律,,,
券,けん,,票据、优惠券、债券、证书,,,
作業,さぎょう,,工作，操作，制造，疲劳工,,,
付き合い,つきあい,,协会，社交，团契,,,
唯,ただ,,免费，仅，唯一，普通，普通,,,
嘘,うそ,,谎言，谎言，不正确的事实，不恰当,,,
化粧,けしょう,,彩妆（化妆品）,,,
損害,そんがい,,损坏，伤害，损失,,,
合格,ごうかく,,成功，通过（例如考试），资格,,,
冒険,ぼうけん,,风险，风险，冒险,,,
成る,なる,,成为,,,
無,む,,无，无，无，零,,,
移動,いどう,,搬迁、迁移、移动,,,
通す,とおす,,让过去，忽略，继续,,,
尤も,もっとも,,很对，似是而非，自然，但是，虽然,,,
真剣,しんけん,,认真，认真,,,
七,なな,,七,,,
遠慮,えんりょ,,怯懦、克制、矜持,,,
試し,ためし,,试验，测试,,,
しかも,しかも,,此外，此外，尽管如此，然而,,,
軒,のき,,屋檐,,,
キャプテン,キャプテン,,船长,,,
コーチ,コーチ,,长途汽车,,,
日,ひ,,太阳，阳光，白天,,,
頂く,いただく,,接收，吃东西或喝水（嗡嗡声）,,,
婚約,こんやく,,订婚，订婚,,,
穏やか,おだやか,,平静，温柔，安静,,,
最中,さいちゅう,,在中间,,,
ちゃんと,ちゃんと,,完美、正确、准确,,,
独立,どくりつ,,独立（如工业日），自立,,,
約,やく,,大约，大约，一些,,,
掛かる,かかる,,花费（例如时间、金钱等），挂起,,,
具体,ぐたい,,混凝土，有形，材料,,,
全,ちょん,,全部，整体，整体，完整，整体，平移,,,
ワイン,ワイン,,酒,,,
僅か,わずか,,只是，只是，一点点，少量,,,
スター,スター,,星,,,
そっと,そっと,,地球的面貌,,,
可能,かのう,,可行，可行，可行,,,
トップ,トップ,,返回页首,,,
破産,はさん,,（个人）破产,,,
刀,かたな,,剑，军刀，刀，雕刻工具,,,
強力,きょうりょく,,大力士力量，登山航母向导,,,
鍵,かぎ,,钥匙,,,
食品,しょくひん,,日用品、食品,,,
駐車,ちゅうしゃ,,停车场（如汽车）,,,
お昼,おひる,,午餐，中午,,,
立ち上がる,たちあがる,,站起来,,,
投票,とうひょう,,投票，投票,,,
盛り,もり,,帮助，服务,,,
状況,じょうきょう,,事态，情况，情况,,,
目的,もくてき,,目的，目标，目的，目的，意图,,,
縄,なわ,,绳索，麻,,,
極,ごく,,相当，非常,,,
学者,がくしゃ,,学者,,,
招く,まねく,,邀请,,,
選択,せんたく,,选择，选择,,,
完了,かんりょう,,完成，结论,,,
秒,びょう,,第二秒（第60分钟）,,,
どこか,どこか,,某处，随处,,,
アウト,アウト,,外,,,
そっくり,そっくり,,所有，完全，完全，就像，分裂的形象,,,
広がる,ひろがる,,伸展（向外），伸展，伸展，伸展，,,,
空,そら,,天空,,,
印,しるし,,（1）标记，（2）符号，（3）证据,,,
必死,ひっし,,不可避免的死亡，绝望，疯狂，不可避免的结果,,,
両替,りょうがえ,,零钱，货币兑换,,,
金,きむ,,（1）黄金，（2）黄金将军（将棋）（缩写）,,,
人気,にんき,,生命的迹象,,,
述べる,のべる,,陈述，表达，提及,,,
畑,はたけ,,田,,,
凍る,こおる,,冻结，冻结，凝结,,,
出会う,であう,,偶然相遇，偶遇，偶遇,,,
苦労,くろう,,烦恼，艰辛,,,
愉快,ゆかい,,愉快，快乐,,,
酒,さけ,,酒精，清酒,,,
通行,つうこう,,通过，传递,,,
仕舞った,しまった,,该死！,,,
翼,つばさ,,翅膀,,,
商人,しょうにん,,商人，店主，商人,,,
丸,まる,,圆圈，完整（月），完美，纯度，船名后缀,,,
案,あん,,计划，后缀含义草案,,,
間,ま,,空间，房间，时间，暂停,,,
居る,おる,,成为（有生命），成为，存在,,,
職業,しょくぎょう,,职业，商业,,,
専攻,せんこう,,专业科目，专业学习,,,
上京,じょうきょう,,前往首都（东京）,,,
記念,きねん,,纪念，纪念,,,
菓子,かし,,糕点,,,
したがって,したがって,,因此，因此，根据,,,
それとも,それとも,,或者，或者,,,
見事,みごと,,灿烂，壮丽，美丽，令人钦佩,,,
うまい,うまい,,美味,,,
大した,たいした,,相当，伟大，重要，重要，重大，大不了,,,
父親,ちちおや,,爸爸,,,
国民,こくみん,,民族，人民，公民,,,
優れる,すぐれる,,超越，超越，超越,,,
積もる,つもる,,堆积起来,,,
患者,かんじゃ,,患者,,,
要点,ようてん,,要点，要点,,,
貧しい,まずしい,,穷人，有需要的人,,,
表情,ひょうじょう,,面部表情,,,
自身,じしん,,靠自己，个人,,,
成長,せいちょう,,成长，成长到成年,,,
喧嘩,けんか,,争吵，（醉酒）斗殴，失败,,,
女王,じょおう,,女王,,,
理解,りかい,,理解，理解,,,
ドレス,ドレス,,连衣裙,,,
張る,はる,,粘贴，粘贴,,,
変化,へんか,,妖精，幽灵，幽灵，虫熊,,,
環境,かんきょう,,环境，环境,,,
弾,たま,,子弹，射击，炮弹,,,
霧,きり,,雾，雾,,,
愛,あい,,爱,,,
秘密,ひみつ,,秘密，保密,,,
製品,せいひん,,制成品、制成品,,,
轢く,ひく,,碾过某人（用车辆），将某人撞倒,,,
粗,ほぼ,,缺陷，缺陷，瑕疵，弱点,,,
スケート,スケート,,溜冰鞋，溜冰,,,
違いない,ちがいない,,（短语）当然，没有误会，当然,,,
誕生,たんじょう,,出生,,,
首相,しゅしょう,,总理,,,
まあ,まあ,,（女）你可能会说,,,
魚,さかな,,鱼,,,
側,がわ,,侧面，边缘，第三人称,,,
歌手,かしゅ,,歌手,,,
同様,どうよう,,相同，等于，相同（种类），喜欢,,,
信じる,しんじる,,相信，信任,,,
生,なま,,（1）生啤酒，（2）生的，未加工的,,,
注ぐ,そそぐ,,倒入（进入）、灌溉、支付、填充、喂养（例如火）,,,
講演,こうえん,,讲座，演讲,,,
マスター,マスター,,业主，经理，酒吧老板，硕士（如艺术、科学）,,,
回復,かいふく,,恢复（从疾病中），改善，康复，恢复,,,
毒,どく,,毒药，有毒物,,,
否定,ひてい,,否定，否认，否认,,,
週,しゅう,,周,,,
悪魔,あくま,,魔鬼，恶魔，邪灵,,,
学期,がっき,,学期（学校）,,,
覆う,おおう,,遮盖，隐藏，隐藏，包裹，伪装,,,
実行,じっこう,,实践、绩效、执行（如程序）、实现,,,
まさか,まさか,,绝不是,,,
夜,よる,,傍晚，夜晚,,,
野,の,,田,,,
技師,ぎし,,工程师、技术员,,,
段,だん,,台阶，楼梯，台阶，等级，等级，等级,,,
今に,いまに,,不久之后，甚至现在,,,
模様,もよう,,图案，图形，设计,,,
立場,たちば,,立场，立场，情况,,,
ミス,ミス,,miss（错误、错误、失败）、Miss,,,
医師,いし,,医生，医师,,,
身,み,,身体，主体，自己，剑,,,
飽きる,あきる,,厌倦，失去兴趣，拥有足够,,,
関する,かんする,,关注，相关,,,
親戚,しんせき,,相对,,,
教授,きょうじゅ,,教学，指导，教授,,,
結局,けっきょく,,毕竟，最终,,,
直接,ちょくせつ,,直接的、即时的、个人的、第一手的,,,
為る,なる,,改变，有用，达到,,,
我々,われわれ,,我们,,,
辛い,つらい,,痛苦，令人心碎,,,
豊富,ほうふ,,富足，财富，丰盛，赏金,,,
炎,ほのお,,火焰,,,
価格,かかく,,价格，价值，成本,,,
順調,じゅんちょう,,有利，做得很好，OK，好吧,,,
辞める,やめる,,退休,,,
馬,うま,,（1）马，（2）晋升主教（将棋）,,,
報告,ほうこく,,报告，信息,,,
実際,じっさい,,实际，实际情况，现状,,,
全然,ぜんぜん,,（1）完全，完全，完全，（2）完全没有（带否定动词）,,,
等しい,ひとしい,,平等,,,
意志,いし,,意志，意志,,,
失う,うしなう,,失去，分手,,,
販売,はんばい,,销售，销售，营销,,,
支える,ささえる,,被阻塞，窒息，被阻挠,,,
ラケット,ラケット,,球拍，球拍,,,
機能,きのう,,功能，师资力量,,,
予測,よそく,,预测，估计,,,
眺め,ながめ,,场景，视图，前景，展望,,,
禁煙,きんえん,,禁止吸烟！,,,
週間,しゅうかん,,周，周,,,
誇り,ほこり,,自豪,,,
調査,ちょうさ,,调查，检查，询问，调查,,,
注目,ちゅうもく,,注意，注意，观察,,,
苦痛,くつう,,疼痛，痛苦,,,
番,ばん,,--,,,
地位,ちい,,（社会）地位，地位,,,
迎え,むかえ,,会议，派人来接货,,,
流す,ながす,,排水，漂浮，流（血，泪），巡航（例如出租车）,,,
代理,だいり,,代表，代理，代理，代理，代理，代理,,,
条件,じょうけん,,条件，条款,,,
激しい,はげしい,,暴力，激烈，激烈,,,
中央,ちゅうおう,,中心，中心，中心，中间,,,
分,ぶん,,分割，部分,,,
認める,みとめる,,承认，欣赏，批准，承认，注意,,,
組合,くみあい,,协会，工会,,,
チーム,チーム,,团队,,,
理想,りそう,,理想,,,
人生,じんせい,,（人类）生命（即受孕至死亡）,,,
粉,こな,,面粉，粉，粉,,,
飛行,ひこう,,航空,,,
直ちに,ただちに,,立即、立即、直接、亲自,,,
鎖,くさり,,链,,,
うなる,うなる,,呻吟，呻吟,,,
価値,かち,,价值，价值，优点,,,
逆らう,さからう,,反对，反对，不服从，蔑视,,,
管,かん,,管材，管材,,,
中古,ちゅうこ,,（1）二手、二手、旧,,,
話し合う,はなしあう,,一起讨论，一起交谈,,,
友,とも,,朋友，同伴，朋友,,,
曇,くもり,,多云，多云天气，阴影,,,
莫大,ばくだい,,浩瀚无垠，浩瀚无垠,,,
確認,かくにん,,肯定，确认,,,
稲,いね,,水稻植物,,,
飛ばす,とばす,,跳过，省略,,,
重視,じゅうし,,重要性，压力，认真考虑,,,
退屈,たいくつ,,乏味，无聊,,,
留める,とめる,,扣，关，扣,,,
戦い,たたかい,,战斗，战斗，斗争，冲突,,,
温暖,おんだん,,温暖,,,
暮らす,くらす,,为了生活，为了相处,,,
筋肉,きんにく,,肌肉，肌腱,,,
横断,おうだん,,路口,,,
玉,たま,,球，球体，硬币,,,
望む,のぞむ,,渴望，希望，看到，命令（一种观点）,,,
積極的,せっきょくてき,,积极、主动、主动,,,
途端,とたん,,只是（现在、此刻等）,,,
横切る,よこぎる,,交叉（例如手臂），穿越,,,
種,たね,,（1）种子，（2）材料，（3）原因，来源,,,
裸,はだか,,裸体，裸体,,,
仲間,なかま,,公司，研究员，同事，助理,,,
おまえ,おまえ,,（fam）你（唱歌），存在（高贵的人物）,,,
言語,げんご,,语言,,,
試す,ためす,,尝试，测试,,,
巨大,きょだい,,巨大，巨大，巨大,,,
記録,きろく,,记录，会议记录，文件,,,
完成,かんせい,,（1）完成，完成，（2）完美，成就,,,
何,なに,,什么,,,
一体,いったい,,（1）一个物体，一个身体，（2）到底是什么？，真的？，（3）一般,,,
ノック,ノック,,（1）敲门，（2）fungo（棒球）,,,
故障,こしょう,,故障、故障、事故、故障,,,
問い,とい,,问题，查询,,,
留学,りゅうがく,,留学,,,
都会,とかい,,城市,,,
異なる,ことなる,,不同，变化，不同意,,,
稼ぐ,かせぐ,,赚取收入，劳动,,,
職,しょく,,就业,,,
街,まち,,（1）城镇，（2）街道，道路,,,
バイオリン,バイオリン,,小提琴,,,
行き,いき,,会,,,
物価,ぶっか,,商品价格，价格（一般）,,,
詩,し,,诗歌，诗歌的诗句,,,
恐ろしい,おそろしい,,可怕，可怕,,,
道路,どうろ,,公路，高速公路,,,
寧ろ,むしろ,,相反，更好，相反,,,
会員,かいいん,,会员，会员,,,
回,かい,,事件计数器,,,
請求,せいきゅう,,索赔，需求，申请，请求,,,
営業,えいぎょう,,商业、贸易、管理,,,
対,たい,,配对，情侣，设置,,,
多分,たぶん,,也许，可能,,,
与える,あたえる,,给予，赠送，奖励,,,
食事,しょくじ,,餐,,,
欠ける,かける,,缺乏,,,
省く,はぶく,,省略，消除，减少，节约,,,
出来るだけ,できるだけ,,如果可能的话,,,
姿,すがた,,身材，形状，外观,,,
立派,りっぱ,,灿烂，精致，帅气，优雅，气势磅礴，突出，合法，合法,,,
コピー,コピー,,（1）一份（照片）副本，（2）书皮上的简介,,,
農業,のうぎょう,,农业,,,
署名,しょめい,,签名,,,
避ける,さける,,（1）避免（身体接触），（2）避免，避免,,,
困難,こんなん,,困难，苦恼,,,
幕,まく,,帷幕，彩旗，表演（播放中）,,,
評判,ひょうばん,,名声，声誉，人气，阿兰特,,,
九,きゅう,,九,,,
かわいらしい,かわいらしい,,可爱，甜蜜,,,
或,ある,,某,,,
学,がく,,学习，学术，博学，知识,,,
カード,カード,,卡，凝乳,,,
予算,よさん,,估算，预算,,,
老い,おい,,老年，老人，老人，老人,,,
筋,すじ,,肌肉，绳子，线,,,
突然,とつぜん,,突然，突然，出乎意料，一下子,,,
至る,いたる,,来，来,,,
氏,し,,姓氏，世系，出生,,,
新た,あらた,,新，新鲜，新颖,,,
ごめんなさい,ごめんなさい,,对不起，对不起,,,
日本,にっぽん,,日本,,,
雷,かみなり,,雷,,,
袋,ふくろ,,袋子，麻袋,,,
一種,いっしゅ,,一个物种，一种，一个品种,,,
程,ほど,,度，范围，边界，限制,,,
役割,やくわり,,部分，分配（分配）部分，角色，职责,,,
倒す,たおす,,扔倒，打败，打倒，吹倒,,,
否,いな,,不，NOES,,,
哲学,てつがく,,哲学,,,
許す,ゆるす,,允许，允许，批准,,,
検討,けんとう,,考虑，审查，调查，研究，审查,,,
エネルギー,エネルギー,,（n） 能量 （de： Energie）,,,
しきりに,しきりに,,频繁、反复、不停地、热切地,,,
夫人,ふじん,,妻子，夫人，夫人,,,
実施,じっし,,执行、制定、实施、实施、实施、实施,,,
夜明け,よあけ,,黎明，黎明,,,
綿,めん,,棉，衬垫,,,
男の人,おとこのひと,,男人,,,
時刻,じこく,,瞬间，时间，瞬间,,,
失望,しつぼう,,失望，绝望,,,
硬貨,こうか,,硬币,,,
いけない,いけない,,一定不做，不好，做错，不做,,,
動かす,うごかす,,移动，转移,,,
操作,そうさ,,运营、管理、加工,,,
今回,こんかい,,现在，这一次，最近,,,
梅雨,つゆ,,雨季，雨季雨,,,
眺める,ながめる,,去看，去凝视,,,
語学,ごがく,,语言学习,,,
材料,ざいりょう,,配料、材料,,,
金属,きんぞく,,金属,,,
放送,ほうそう,,广播，广播,,,
救う,すくう,,从中抢救，从中帮助,,,
供給,きょうきゅう,,供应，供应,,,
会合,かいごう,,会议，集会,,,
他,た,,其他（尤其是地点和事物）,,,
辺り,あたり,,附近，附近,,,
流れ,ながれ,,流，当前,,,
今日,きょう,,今天，这一天,,,
苦しい,くるしい,,痛苦，困难,,,
汚染,おせん,,污染，污染,,,
幅,はば,,宽度，宽度,,,
直,ただし,,认真、立即、确切,,,
住宅,じゅうたく,,居民，住房,,,
瓶,びん,,瓶,,,
ベルト,ベルト,,西式服装腰带,,,
確実,かくじつ,,确定性、可靠性、稳健性,,,
恐怖,きょうふ,,害怕，恐惧，沮丧，恐惧,,,
安定,あんてい,,稳定性，平衡性,,,
新鮮,しんせん,,新鲜,,,
あいにく,あいにく,,很遗憾，对不起，但是....,,,
いつまでも,いつまでも,,永远，永远，永远，只要一个人喜欢，无限期,,,
居間,いま,,客厅（西式）,,,
金曜,きんよう,,（缩写）星期五,,,
光景,こうけい,,场景，奇观,,,
わがまま,わがまま,,自私，利己主义，任性，不服从，心血来潮,,,
酸素,さんそ,,氧,,,
球,たま,,地球，球体，球,,,
人込み,ひとごみ,,人群,,,
ピクニック,ピクニック,,野餐,,,
大会,たいかい,,大会，锦标赛，群众集会，集会,,,
演説,えんぜつ,,演讲，致辞,,,
ダイヤ,ダイヤ,,（1）染色机，（2）图表，（3）（铁路）时间表，（4）金刚石,,,
割る,われる,,除、切、折、减半,,,
うるさい,うるさい,,嘈杂，嘈杂，挑剔,,,
実,み,,水果，坚果，种子，内容物，效果好,,,
下す,くだす,,放下，放下,,,
資本,しほん,,资金、资本,,,
罹る,かかる,,遭受,,,
責任,せきにん,,义务，责任,,,
願い,ねがい,,欲望，愿望，请求,,,
機関,きかん,,机关，机关，设施，发动机,,,
羽,はね,,鸟计数器，兔子计数器,,,
勧める,すすめる,,推荐，建议，鼓励，提供（葡萄酒）,,,
不幸,ふこう,,不幸，悲伤，不幸，灾难，事故，死亡,,,
支店,してん,,分店（办公室）,,,
見舞い,みまい,,询问，表示同情，表达关注,,,
肌,はだ,,皮肤,,,
不,ふ,,un，non，否定前缀,,,
過ごす,すごす,,要过去，要花，要走，要渡过难关,,,
いただきます,いただきます,,饭前表达感激之情,,,
大変,たいへん,,可怕，可怕，可怕，非常,,,
緊張,きんちょう,,紧张，精神紧张，紧张,,,
オフィス,オフィス,,办公室,,,
見当,けんとう,,被发现，目标，估计，猜测，近似,,,
仲,なか,,关系，关系,,,
制限,せいげん,,限制，约束，限制,,,
扱う,あつかう,,处理，处理，治疗,,,
昼食,ちゅうしょく,,午餐，中午餐,,,
長期,ちょうき,,时间长,,,
能,のう,,熟练、良好、正确,,,
到着,とうちゃく,,到来,,,
外す,はずす,,解开，取下,,,
頬,ほお,,脸颊（脸部）,,,
少しも,すこしも,,什么的，一点都没有,,,
腐る,くさる,,腐烂，变坏,,,
額,がく,,额头，眉毛,,,
心臓,しんぞう,,心,,,
学ぶ,まなぶ,,学习（深入），学习，上课,,,
茶,ちゃ,,茶,,,
体温,たいおん,,温度（身体）,,,
熱中,ねっちゅう,,坚果！，热情，狂热，狂热,,,
引退,いんたい,,退休,,,
別に,べつに,,（不是）特别是，什么都没有,,,
座席,ざせき,,座位,,,
入場,にゅうじょう,,入口，入场，入口,,,
親しい,したしい,,亲密，亲密（例如朋友）,,,
現れ,あらわれ,,具体实施方式，物化,,,
誤り,あやまり,,错误,,,
臭い,くさい,,气味，气味，气味，恶臭,,,
図,ず,,图（如图1），图，图，图，示意图,,,
ですから,ですから,,因此,,,
運転,うんてん,,操作，运动，驱动,,,
加わる,くわわる,,加入、加入、增加、获得（影响力）,,,
役,やく,,使用，服务，角色，职位,,,
破る,やぶる,,撕裂，侵犯，失败，粉碎，摧毁,,,
財産,ざいさん,,财产，财富，资产,,,
建築,けんちく,,建筑，建筑,,,
宝石,ほうせき,,宝石，宝石,,,
設計,せっけい,,规划、设计,,,
世の中,よのなか,,社会，世界，时代,,,
だから,だから,,所以，因此,,,
噂,うわさ,,谣言，报道，八卦，普通谈话,,,
手術,しゅじゅつ,,手术,,,
育つ,そだつ,,抚养（孩子），被抚养，长大（长大）,,,
川,かわ,,河,,,
で,で,,流出，进（出）出，毕业（的）,,,
学習,がくしゅう,,学习，学习,,,
性,せい,,性别，性别,,,
-旧,きゅう,,前任,,,
政府,せいふ,,政府，行政,,,
製造,せいぞう,,制造，生产,,,
努力,どりょく,,巨大的努力，努力，努力，努力,,,
月,つき,,月亮，月份,,,
情報,じょうほう,,信息，（军事）情报,,,
単位,たんい,,单位、面额、学分（在校）,,,
戻す,もどす,,恢复，放回，返回,,,
少女,しょうじょ,,女儿，年轻女士，处女，少女，小女孩,,,
こんにちは,こんにちは,,你好，美好的一天（白天问候，ID）,,,
だって,だって,,但是，因为，甚至，也，太,,,
画家,がか,,画家，艺术家,,,
現在,げんざい,,现在，到现在，现在，现代，现在,,,
かわいそう,かわいそう,,可怜，可怜，可怜,,,
雰囲気,ふんいき,,氛围（如音乐剧）、情绪、氛围,,,
土,ど,,土，土,,,
道徳,どうとく,,道德,,,
依頼,いらい,,（1）请求、委托、调度，（2）依赖、信任,,,
参加,さんか,,参与,,,
嵐,あらし,,暴风雨，暴风雨,,,
同僚,どうりょう,,同事，同事，助理,,,
マーケット,マーケット,,市场,,,
ビール,ビール,,啤酒,,,
それと,それと,,--,,,
覚悟,かくご,,决议，辞职，准备，准备,,,
おそらく,おそらく,,也许,,,
管理,かんり,,控制、管理（例如企业）,,,
ところが,ところが,,然而，虽然，即使,,,
重要,じゅうよう,,重要，重大，必不可少，主要，主要,,,
貸し,かし,,贷款，贷款,,,
処理,しょり,,处理、处理、处理、处置、处置,,,
悪口,わるぐち,,辱骂，侮辱，诽谤，恶言恶语,,,
位,くらい,,等级，排名，关于,,,
万一,まんいち,,通过某种机会，通过某种可能性，如果有任何机会，10E4：1 赔率,,,
金持ち,かねもち,,有钱人,,,
当時,とうじ,,在那个时候，在那些日子里,,,
才能,さいのう,,人才、能力,,,
実に,じつに,,确实，真的，肯定,,,
節,ふし,,调，音，结，旋钮，点,,,
左右,さゆう,,（1）左与右，（2）影响、控制、支配,,,
食糧,しょくりょう,,粮食，口粮,,,
開始,かいし,,开始，开始，开始,,,
そのうち,そのうち,,最终，迟早，前面提到的,,,
家具,かぐ,,家具,,,
越す,こす,,去（例如，与观众一起）,,,
金融,きんゆう,,货币流通、信贷状况,,,
年間,ねんかん,,年,,,
受け取る,うけとる,,接受，得到，接受，接受,,,
丸い,まるい,,圆形，圆形，球形,,,
考慮,こうりょ,,考虑，考虑到,,,
装置,そうち,,设备，安装，装置,,,
あんなに,あんなに,,在那个程度上，在那个程度上,,,
示す,しめす,,表示，显示，指出，表示,,,
輝く,かがやく,,闪耀，闪闪发光，闪闪发光,,,
謎,なぞ,,谜语，谜题，谜语,,,
誤解,ごかい,,误解,,,
最低,さいてい,,最少、最低、最差,,,
残り,のこり,,残余物、残留物、残留物、剩余物,,,
収入,しゅうにゅう,,收入，收入，收入,,,
床,ゆか,,地板,,,
上等,じょうとう,,优越，一流，非常好,,,
陸,りく,,六（用于法律文件）,,,
歩道,ほどう,,人行道，人行道，人行道,,,
修正,しゅうせい,,修正，更正，修订，修改,,,
月曜,げつよう,,星期一,,,
風呂,ふろ,,浴,,,
天然,てんねん,,自然性，自发性,,,
暗記,あんき,,背诵，背诵,,,
数,かず,,数字，数字,,,
思想,しそう,,思想，想法,,,
回す,まわす,,转，转,,,
雇う,やとう,,雇用，雇用,,,
去る,さる,,离开，离开,,,
幾ら,いくら,,多少？，多少？,,,
トランプ,トランプ,,扑克牌（点亮：特朗普）,,,
経験,けいけん,,经验,,,
時,とき,,（1）时间，小时，（2）场合，时刻,,,
ドライブ,ドライブ,,驾车，自驾旅行，驾车,,,
知識,ちしき,,知识，信息,,,
器用,きよう,,娴熟，得心应手,,,
贅沢,ぜいたく,,奢华，奢侈,,,
整理,せいり,,分拣、排列、调整、调节,,,
向かい,むかい,,面向，对面，对面，对面，另一边,,,
契約,けいやく,,合同，契约，协议,,,
輸入,ゆにゅう,,进口，进口，介绍,,,
当たる,あたる,,被击中，成功，等同于,,,
入院,にゅういん,,住院,,,
いつも,いつも,,always，usually，every time，never （带否定动词）,,,
唯一,ゆいいつ,,唯一，唯一，唯一,,,
犯罪,はんざい,,犯罪,,,
睡眠,すいみん,,睡,,,
生まれ,うまれ,,出生地，出生地,,,
旗,はた,,旗,,,
輪,わ,,环，箍，圆圈,,,
やはり,やはり,,另外，正如我所想的，尽管如此，绝对，当然,,,
企業,きぎょう,,企业，承办,,,
円,えん,,圈子，钱,,,
何で,なんで,,为什么？，做什么的？,,,
勘,かん,,知觉，直觉，第六感,,,
黙る,だまる,,保持沉默,,,
軍,ぐん,,军队，部队，部队,,,
要するに,ようするに,,一句话，毕竟重点在于..，简而言之..,,,
いい,いい,,好,,,
メンバー,メンバー,,成员,,,
制度,せいど,,系统，机构，组织,,,
提出,ていしゅつ,,提交、提交、归档,,,
心配,しんぱい,,担心，关心，焦虑，关心,,,
余分,よぶん,,额外、超额、盈余,,,
末,すえ,,结束，粉末,,,
相談,そうだん,,咨询，讨论,,,
ウイスキー,ウイスキー,,威士忌酒,,,
実験,じっけん,,实验,,,
金銭,きんせん,,钱，现金,,,
競技,きょうぎ,,游戏，比赛，竞赛,,,
組む,くむ,,放在一起,,,
予防,よぼう,,预防，预防，预防,,,
務め,つとめ,,（1）服务，职责，（2）佛教宗教服务,,,
穀物,こくもつ,,谷物，谷物，玉米,,,
偶々,たまたま,,偶然的，出乎意料的，偶然的，偶然的,,,
連続,れんぞく,,串行，连续，连续性，继续,,,
弁当,べんとう,,盒饭,,,
たとえ,たとえ,,明喻，隐喻，寓言,,,
描く,えがく,,画，画，素描，描绘，描述,,,
付ける,つける,,附加，加入，添加，附加,,,
損,そん,,损失，劣势,,,
誰か,だれか,,某人，某人,,,
批判,ひはん,,批评，判断，评论,,,
では,では,,走出去的机会，成功的机会，离开的时刻，工作的开始,,,
欠陥,けっかん,,缺陷，故障，缺陷,,,
グラス,グラス,,（1）玻璃，（2）草,,,
その,その,,的，那,,,
カー,カー,,汽车,,,
集団,しゅうだん,,群，质量,,,
姉妹,しまい,,姐妹,,,
パーセント,パーセント,,百分之,,,
ジェット機,ジェットき,,喷气式飞机,,,
濠,ほり,,护城河,,,
酔う,よう,,喝醉了，陶醉了,,,
皆,みな,,所有人，所有人，所有人,,,
輸出,ゆしゅつ,,出口,,,
計,けい,,计划,,,
及ぼす,およぼす,,发挥，引起，锻炼,,,
手間,てま,,时间，人工,,,
支度,したく,,制备,,,
国語,こくご,,国语,,,
大臣,だいじん,,阁僚,,,
籠,かご,,篮筐，笼子,,,
いらっしゃい,いらっしゃい,,欢迎,,,
注,ちゅう,,注释，解释性说明,,,
アルバム,アルバム,,影集,,,
書斎,しょさい,,研究,,,
浴びる,あびる,,沐浴，晒太阳，淋浴,,,
祝う,いわう,,祝贺，庆祝,,,
需要,じゅよう,,需求，请求,,,
泳ぎ,およぎ,,游泳,,,
勢い,いきおい,,力量，活力，能量，精神,,,
近頃,ちかごろ,,最近，最近，现在,,,
助ける,たすける,,去帮助，去拯救，去拯救,,,
生じる,しょうじる,,产生，产生，结果，产生，生成,,,
値,ね,,价值、价格、成本,,,
候補,こうほ,,候选人,,,
ゲーム,ゲーム,,游戏,,,
地球,ちきゅう,,地球,,,
内容,ないよう,,subject，contents，matter，substance，detail，進口,,,
覚める,さめる,,唤醒，唤醒,,,
相当,そうとう,,合适，公平，可容忍，适当,,,
断る,ことわる,,拒绝，拒绝，解雇,,,
又,また,,再次，和,,,
ボール,ボール,,球，碗,,,
溺れる,おぼれる,,被淹死，沉溺其中,,,
切れ,きれ,,布，片，切，印,,,
十,じゅう,,10，十,,,
頂上,ちょうじょう,,顶部，顶峰，顶峰,,,
正式,せいしき,,应有的形式，官方，形式,,,
機械,きかい,,机器，机构,,,
衣服,いふく,,衣服,,,
物語,ものがたり,,故事，故事，传说,,,
抱える,かかえる,,握住或携带在手臂下或手臂内,,,
生命,せいめい,,生命，存在,,,
合計,ごうけい,,总和，总金额,,,
体育,たいいく,,体育，体操，田径,,,
年月,としつき,,月和年,,,
外出,がいしゅつ,,外出，外出,,,
気の毒,きのどく,,可怜，可惜,,,
鋭い,するどい,,尖锐，锋利,,,
笑顔,えがお,,笑脸,,,
詰める,つめる,,包装，缩短，锻炼（详细信息）,,,
好む,このむ,,喜欢，喜欢,,,
取り上げる,とりあげる,,拿起，捡起，取消资格，没收，剥夺,,,
ハンサム,ハンサム,,英俊,,,
以来,いらい,,从此以后,,,
生産,せいさん,,生产、制造,,,
進学,しんがく,,升读大学,,,
人物,じんぶつ,,性格，个性，人，人，人，人，人才,,,
抜く,ぬく,,提取，省略，超越，抽出，拔掉,,,
勝ち,かち,,胜利，胜利,,,
章,あきら,,（1）章，节，（2）奖章,,,
ジュース,ジュース,,果汁，软饮料，平分,,,
ちょうだい,ちょうだい,,（1）请为我做（前面有-te），（2）接待，被给予，得到,,,
党,とう,,政党（政治）,,,
何でも,なにでも,,无论如何，一切,,,
適度,てきど,,温和,,,
応じる,おうじる,,回应，满足，接受，遵守，申请,,,
首都,しゅと,,京,,,
後,のち,,之后，从那时起，在未来,,,
警告,けいこく,,警告，建议,,,
部分,ぶぶん,,部分，部分，部分,,,
友情,ゆうじょう,,友谊，团契,,,
説,せつ,,理论,,,
別れ,わかれ,,离别、分离、告别,,,
方向,ほうこう,,方向，路线，方式,,,
褒める,ほめる,,赞美，钦佩，好好说话,,,
有利,ゆうり,,有利的，更好的，有利可图的，有利可图的,,,
抜ける,ぬける,,出来，掉出来，被省略,,,
老人,ろうじん,,老人，老人,,,
プロ,プロ,,专业的,,,
胃,い,,胃,,,
伸ばす,のばす,,拉长，伸展，伸出，生长（胡须）,,,
邪魔,じゃま,,阻碍，入侵,,,
様々,さまざま,,多样，多样,,,
汗,あせ,,汗水、汗水,,,
症状,しょうじょう,,症状，状况,,,
まるで,まるで,,相当，完全，完全,,,
あした,あした,,明天,,,
独特,どくとく,,特殊性，独特性，特点,,,
すると,すると,,因此，从此,,,
絶滅,ぜつめつ,,破坏，灭绝,,,
絵画,かいが,,图片,,,
尻,しり,,臀部，臀部,,,
相手,あいて,,同伴，合作伙伴，公司,,,
谷,たに,,山谷,,,
観客,かんきゃく,,观众，观众,,,
外交,がいこう,,外交,,,
予期,よき,,预期，假设将会发生，预测,,,
平等,びょうどう,,平等（a）、公正、均匀,,,
奇妙,きみょう,,奇怪，酷儿，好奇,,,
不利,ふり,,缺点，障碍，不利，缺点,,,
不安,ふあん,,焦虑、不安、不安全感、悬念,,,
信頼,しんらい,,信赖、信任、信心,,,
計算,けいさん,,计算，推算,,,
王子,おうじ,,王子,,,
想像,そうぞう,,想象，猜测,,,
ますます,ますます,,越来越，越来越多,,,
ずっと,ずっと,,连续地，贯穿始终，很多,,,
合わせる,あわせる,,联合起来，对立，面对，团结,,,
だが,だが,,--,,,
活気,かっき,,活力，活泼,,,
エンジン,エンジン,,发动机,,,
服装,ふくそう,,服装,,,
スタンド,スタンド,,站,,,
灯,あかり,,光,,,
銀,ぎん,,（1）银，银币，银漆,,,
勘定,かんじょう,,计算，计数，考虑,,,
何か,なにか,,东西,,,
出身,しゅっしん,,毕业，来,,,
申し込む,もうしこむ,,申请，提出申请,,,
失業,しつぎょう,,失业,,,
成績,せいせき,,结果，记录,,,
息,いき,,呼吸，音调,,,
柄,え,,剑柄（剑），匕首，握把,,,
事,こと,,事物，物质，事实，情况,,,
対する,たいする,,面对，对抗，反对,,,
あらゆる,あらゆる,,所有，每个,,,
巣,す,,巢穴，栖息地，繁殖地，蜂巢，蜘蛛网,,,
記憶,きおく,,记忆，回忆，纪念,,,
他人,たにん,,另一个人，无关的人，局外人，陌生人,,,
参考,さんこう,,参考，咨询,,,
様,よう,,方式，方式，善良,,,
感謝,かんしゃ,,谢谢，感恩,,,
印象,いんしょう,,印象,,,
物理,ぶつり,,物理,,,
包み,つつみ,,捆绑，包装，包裹，捆包,,,
うん,うん,,哼，嗯，嗯，呃，嗯？,,,
化学,かがく,,化学,,,
ぐっすり,ぐっすり,,睡着了，睡着了,,,
おめでとう,おめでとう,,恭喜你，一个吉祥的时刻！,,,
内,うち,,里面,,,
最高,さいこう,,最高，至高无上，最,,,
商品,しょうひん,,商品，商业用品，商品，库存，商品,,,
度,ど,,事件计数器,,,
ビデオ,ビデオ,,视频,,,
近代,きんだい,,今天,,,
範囲,はんい,,范围，范围，范围，范围,,,
香り,かおり,,香气，香味，香味，气味,,,
飼う,かう,,饲养，饲养，喂养,,,
乗せる,のせる,,放在（某物）上，带上船，搭便车,,,
計る,はかる,,测量，称重，调查,,,
速度,そくど,,速度，速度，速率,,,
現実,げんじつ,,现实,,,
家賃,やちん,,租金,,,
奨学金,しょうがくきん,,奖学金,,,
虫歯,むしば,,蛀牙、蛀牙、蛀牙、龋齿,,,
ヨーロッパ,ヨーロッパ,,欧洲,,,
取れる,とれる,,脱落，脱下，脱下,,,
普段,ふだん,,通常，习惯性，通常，总是,,,
無し,なし,,没有,,,
係,かかり,,官员，职责，负责人,,,
連想,れんそう,,联想（想法），建议,,,
従う,したがう,,遵守（规则），服从，遵循，陪伴,,,
収穫,しゅうかく,,收获，收获，收获,,,
勤め,つとめ,,（1）服务，职责，业务，责任，任务，（2）佛教宗教服务,,,
法,ほう,,法案（法律：X法案）,,,
有能,ゆうのう,,能干，能干，高效，熟练,,,
胸,むね,,乳房，胸部,,,
訴える,うったえる,,起诉（一个人），诉诸，上诉,,,
よると,よると,,根据,,,
知恵,ちえ,,智慧，机智，睿智，理智，智慧，建议,,,
いたずら,いたずら,,戏弄，恶作剧，诡计，实用笑话,,,
地方,ちほう,,地区，地区，区，地区，海岸,,,
敬意,けいい,,尊重，荣誉,,,
礼儀,れいぎ,,礼仪，礼貌，礼仪,,,
決まり,きまり,,结算，结论，监管，规则,,,
前進,ぜんしん,,前进，驱动，进步,,,
組,くみ,,班级，小组，团队，集,,,
針,はり,,针，手（例如时钟）,,,
準備,じゅんび,,准备、安排、提供、储备,,,
未だ,いまだ,,然而，仍然，更多，除了,,,
感動,かんどう,,被深深感动，激动，感动，深深感慨,,,
傾向,けいこう,,趋势，趋势，倾向,,,
ケース,ケース,,箱,,,
越える,こえる,,超越，跨越，跨越,,,
喉,のど,,喉,,,
共通,きょうつう,,共同性，社区,,,
演技,えんぎ,,演技，表演,,,
含む,ふくむ,,捧在嘴里，牢记在心,,,
宗教,しゅうきょう,,宗教,,,
防ぐ,ふせぐ,,防御（反对），保护，预防,,,
典型,てんけい,,类型，模式，原型,,,
集中,しゅうちゅう,,专注，集中注意力,,,
鍋,なべ,,平底锅，锅,,,
ヨット,ヨット,,游艇,,,
そして,そして,,和,,,
適用,てきよう,,应用,,,
居眠り,いねむり,,打瞌睡，打瞌睡,,,
梅,うめ,,李子，李子树，最低（三级排名系统）,,,
灰,はい,,灰,,,
年齢,ねんれい,,年龄，岁,,,
詳しい,くわしい,,非常了解，详细，完整，准确,,,
鬼,おに,,食人魔，恶魔，它（即在标签游戏中）,,,
方法,ほうほう,,方法，方式，方式，手段，技术,,,
バン,バン,,bun，van （大篷车），VAN （增值网络）,,,
かもしれない,かもしれない,,可能，可能，也许，可能，可能,,,
住民,じゅうみん,,公民，居民，居民，人口,,,
手段,しゅだん,,手段，方式，措施,,,
油,あぶら,,油,,,
比較,ひかく,,比较,,,
餌,えさ,,饲料、诱饵,,,
疑問,ぎもん,,问题，问题，怀疑，猜测,,,
就く,つく,,安顿（地方），坐（位），学习（在老师的指导下）,,,
さっぱり,さっぱり,,感觉神清气爽，感觉如释重负，整洁，修剪,,,
粗末,そまつ,,粗犷，粗糙，朴素，简陋,,,
不可,ふか,,错误的、坏的、不恰当的、不合理的、不可取的,,,
広告,こうこく,,广告,,,
優勝,ゆうしょう,,总冠军，冠军,,,
止す,よす,,停止，废除，辞职，放弃,,,
味方,みかた,,朋友，盟友，支持者,,,
拍手,はくしゅ,,拍手，掌声,,,
怪我,けが,,伤害（对有生命的物体），伤害,,,
大部分,だいぶぶん,,大部分，大部分，大多数,,,
音,おと,,声音，注意,,,
思わず,おもわず,,无意的，自发的,,,
永遠,えいえん,,永恒，永恒，不朽，永恒,,,
現代,げんだい,,如今，现代，当今,,,
とんでもない,とんでもない,,出乎意料，令人反感，这有什么好说的！，没门！,,,
乗客,じょうきゃく,,乘客,,,
太陽,たいよう,,太阳，太阳能,,,
かなり,かなり,,相当，公平，相当,,,
面倒,めんどう,,麻烦，困难，关心，关注,,,
あっ,あっ,,啊！，哦！,,,
増す,ます,,增加，成长,,,
駄目,だめ,,没用，不好，没希望,,,
加える,くわえる,,追加，汇总，加法（向上）,,,
態度,たいど,,态度，方式,,,
農民,のうみん,,农民，农民,,,
支払,しはらい,,付款,,,
銃,じゅう,,枪,,,
機嫌,きげん,,幽默，脾气，情绪,,,
そのまま,そのまま,,没有变化，就像现在一样（即现在）,,,
命じる,めいじる,,命令，命令，任命,,,
訓練,くんれん,,实践，培训,,,
工場,こうじょう,,工厂，厂房，磨坊，车间,,,
物事,ものごと,,事物，一切,,,
主婦,しゅふ,,家庭主妇，情妇,,,
気味,きみ,,-喜欢，-看，-看,,,
暮らし,くらし,,生活，生计，生存，环境,,,
経由,けいゆ,,顺便说一句，通过,,,
諺,ことわざ,,谚语，格言,,,
克服,こくふく,,征服，征服,,,
小包,こづつみ,,包裹，包装,,,
王様,おうさま,,王,,,
鉄道,てつどう,,铁路,,,
自動,じどう,,自动，自动,,,
議長,ぎちょう,,主席,,,
そこで,そこで,,所以（conj），因此，现在，然后，因此,,,
級,きゅう,,班级，等级，排名，学校班级，等级,,,
支配,しはい,,规则，控制，方向,,,
勉強,べんきょう,,学习、勤奋、折扣、减少,,,
伝統,でんとう,,传统，惯例,,,
より,より,,捻，层,,,
ミルク,ミルク,,牛奶,,,
武器,ぶき,,武器，武器，法令,,,
混雑,こんざつ,,意识模糊，拥堵,,,
通じる,つうじる,,奔向，引领，沟通，理解,,,
共に,ともに,,分享，参与,,,
頼る,たよる,,依靠，求助于，依赖,,,
外,そと,,其他地方，其余的,,,
傷,きず,,伤口，受伤，伤害，割伤,,,
著者,ちょしゃ,,作者，作家,,,
集まり,あつまり,,聚会，会议，集会，收集,,,
昨,さく,,去年（年），昨天,,,
案内,あんない,,信息化、指导、引领,,,
税,ぜい,,--,,,
景気,けいき,,条件，状态，业务 （条件）,,,
つまり,つまり,,简而言之，简而言之，换句话说,,,
追う,おう,,追逐，追赶,,,
運動,うんどう,,运动，运动,,,
あちこち,あちこち,,这里和那里,,,
屋根,やね,,屋顶,,,
回り,まわり,,周长，周围环境，循环,,,
疲れ,つかれ,,疲倦，乏力,,,
台,だい,,支架，机架，桌子，支架,,,
終,おわり,,结束,,,
練習,れんしゅう,,实践,,,
博物館,はくぶつかん,,博物馆,,,
チーズ,チーズ,,奶酪,,,
離す,はなす,,分，分，分,,,
用心,ようじん,,小心，预防，守卫，小心,,,
友人,ゆうじん,,朋友,,,
責める,せめる,,谴责，责备，批评,,,
起こる,おこる,,发生，发生,,,
ゴール,ゴール,,目标,,,
身体,しんたい,,身体,,,
孫,まご,,孙子,,,
殺す,ころす,,杀戮,,,
小屋,こや,,小屋，小木屋，棚屋，（动物）笔,,,
団体,だんたい,,组织，协会,,,
膝,ひざ,,膝盖，膝盖,,,
人種,じんしゅ,,种族（人）,,,
四,よん,,四,,,
ありがとう,ありがとう,,（conj，exp，int）谢谢,,,
神経,しんけい,,神经，敏感性,,,
分析,ぶんせき,,分析,,,
演奏,えんそう,,音乐表演,,,
じっと,じっと,,坚定、坚定、耐心、安静,,,
恩,おん,,恩惠，义务，感恩之债,,,
それ,それ,,它，那个,,,
有る,ある,,成为，拥有,,,
読み,よみ,,读数,,,
閉じる,とじる,,关闭（例如书，眼睛），关闭,,,
全国,ぜんこく,,全国，全国，全国，全国,,,
式,しき,,方程式，公式，仪式,,,
節約,せつやく,,节约，节约,,,
迷子,まいご,,走失（流浪）儿童,,,
いつでも,いつでも,,（在）任何时间，总是，在任何时候，从不（否定）,,,
便,びん,,方式，手段,,,
効く,きく,,要有效,,,
裏切る,うらぎる,,背叛，叛徒，双重十字架,,,
劇,げき,,戏剧，戏剧,,,
違い,ちがい,,差异，差异,,,
語る,かたる,,说，讲，背诵,,,
過去,かこ,,过去，过去的日子，以前的日子,,,
それぞれ,それぞれ,,每个，每个，要么，分别，几个,,,
無駄,むだ,,徒劳，无用,,,
効果,こうか,,效果，有效性，功效，结果,,,
知能,ちのう,,智力，大脑,,,
こんなに,こんなに,,所以，像这样，以这种方式,,,
逆,ぎゃく,,反向，相反,,,
ざっと,ざっと,,粗略地说，以整数表示,,,
余裕,よゆう,,盈余，沉着，保证金，房间，时间，津贴，范围，绳索,,,
舌,した,,舌,,,
一瞬,いっしゅん,,一瞬间，一瞬间,,,
根,ね,,根,,,
ジーンズ,ジーンズ,,牛仔裤,,,
様子,ようす,,方面、状态、外观,,,
面,めん,,脸，马克杯，表面，面部特征，面具，面罩，侧面或侧面，角落，页面,,,
無視,むし,,忽略，忽略,,,
国家,こっか,,州，国家，民族,,,
御,お,,议员,,,
通信,つうしん,,通信，通讯，新闻，信号,,,
繋ぐ,つなぐ,,系带，系紧，连接，转接（电话）,,,
一方,いっぽう,,（1）另一方面，（2）同时，（3）只是，简单，反过来,,,
握手,あくしゅ,,握手,,,
中,なか,,内侧、中间、中间,,,
硬い,かたい,,坚实，坚硬（尤其是金属、石头）、未抛光的文字,,,
義務,ぎむ,,义务，义务，责任,,,
嫁,よめ,,新娘，儿媳,,,
修理,しゅうり,,修理，修补,,,
ハイキング,ハイキング,,远足,,,
曜日,ようび,,星期几,,,
氷,こおり,,冰，冰雹,,,
残す,のこす,,离开（落后，结束），遗赠，保存，保留,,,
随分,ずいぶん,,非常,,,
一人一人,いちにんいちにん,,一个接一个，每个，一次一个,,,
分野,ぶんや,,领域，领域，领域，部门，分支,,,
届く,とどく,,达到,,,
迷惑,めいわく,,麻烦，烦恼，烦恼,,,
任せる,まかせる,,托付给另一个人，留给别人,,,
笑い,わらい,,笑，笑，笑,,,
全員,ぜんいん,,全体成员（全体成员）、全体人员、全体船员,,,
帰宅,きたく,,回家,,,
墓,はか,,坟墓，坟墓,,,
祝い,いわい,,庆典，节日,,,
読書,どくしょ,,读数,,,
毛布,もうふ,,毯子,,,
料金,りょうきん,,费用，收费，票价,,,
収める,おさめる,,获取、收获、支付、供应、接受,,,
パイプ,パイプ,,（1）管道，管子，（2）渠道，官方或其他方式,,,
しゃべる,しゃべる,,说话，聊天，喋喋不休,,,
市場,しじょう,,（该）市场（作为一个概念）,,,
海外,かいがい,,国外，国外，海外,,,
仏,ふつ,,佛陀，仁慈的人，佛像，死者,,,
おや,おや,,父母,,,
互い,たがい,,相互的，互惠的,,,
備える,そなえる,,提供，提供，装备，安装,,,
下,した,,下面，下面，下面,,,
動詞,どうし,,动词,,,
握る,にぎる,,抓住，抓住，塑造寿司,,,
食う,くう,,（男）（vulg） 吃,,,
被害,ひがい,,损伤,,,
パスポート,パスポート,,护照,,,
貴重,きちょう,,珍贵，有价值,,,
美人,びじん,,美丽的人（女人）,,,
一致,いっち,,（1）巧合，一致，（2）符合性,,,
隠れる,かくれる,,隐藏，隐藏，隐藏自己，消失,,,
日常,にちじょう,,普通，常规，日常，平常,,,
便り,たより,,新闻，消息，信息，通信，信件,,,
劣る,おとる,,落后，自卑,,,
利口,りこう,,聪明，精明，聪明，敏锐，睿智，聪明,,,
通り過ぎる,とおりすぎる,,通过，通过,,,
登山,とざん,,登山,,,
切れる,きれる,,（1）要切得好，要锋利，（2）要折断（脱）,,,
平均,へいきん,,均衡，平衡，平均，均值,,,
呼吸,こきゅう,,呼吸，呼吸,,,
インク,インク,,墨,,,
軍隊,ぐんたい,,军队，部队,,,
加減,かげん,,加减法，余量,,,
俳優,はいゆう,,演员，女演员，演员，表演者,,,
波,なみ,,浪,,,
下り,くだり,,下行电车（从东京出发）,,,
適切,てきせつ,,相关、适当、充分、相关,,,
延期,えんき,,延期、延期,,,
叫ぶ,さけぶ,,大喊大叫，哭泣,,,
暮れ,くれ,,年末，日落，夜幕降临，年末,,,
たまらない,たまらない,,无法忍受，无法忍受，无法忍受,,,
出版,しゅっぱん,,出版,,,
幸福,こうふく,,幸福，幸福,,,
できる,できる,,能够，准备好，发生,,,
優秀,ゆうしゅう,,优越，精益求精,,,
暖かい,あたたかい,,温暖，温和,,,
要素,ようそ,,元素,,,
承認,しょうにん,,承认，确认，批准，同意，协议,,,
経つ,たつ,,通过，失效,,,
限る,かぎる,,限制，限制，限制,,,
話題,わだい,,topic，主题,,,
事情,じじょう,,情况，考虑，条件，情况，原因,,,
まさに,まさに,,正确，肯定,,,
見る,みる,,去看，去看,,,
見送り,みおくり,,送行，告别，护送,,,
大戦,たいせん,,伟大的战争，伟大的战斗,,,
移す,うつす,,去除，转移，感染,,,
終える,おえる,,完成,,,
基本,きほん,,基础、基础、标准,,,
親友,しんゆう,,密友，好友,,,
この,この,,这,,,
定期,ていき,,固定期限,,,
癖,くせ,,一个习惯（往往是一个坏习惯），特点,,,
列,れつ,,队列，行，行,,,
双子,ふたご,,双胞胎，双胞胎,,,
棒,ぼう,,杆子，杆，棍子,,,
遅刻,ちこく,,迟到，迟到,,,
筆,ふで,,笔,,,
支出,ししゅつ,,支出，费用,,,
霜,しも,,霜,,,
代表,だいひょう,,代表，表示，委托，类型，示例，模型,,,
前者,ぜんしゃ,,前者,,,
宿泊,しゅくはく,,住宿,,,
とにかく,とにかく,,无论如何，无论如何，无论如何，不知何故，一般来说，无论如何,,,
栄養,えいよう,,营养，营养,,,
列車,れっしゃ,,火车（普通）,,,
大抵,たいてい,,通常，一般,,,
肩,かた,,肩膀,,,
語,かたり,,语言，单词,,,
停留所,ていりゅうじょ,,巴士或电车站,,,
指導,しどう,,领导、指导、辅导,,,
文句,もんく,,短语，投诉,,,
独り,ひとり,,单身，未婚,,,
なにも,なにも,,无,,,
厄介,やっかい,,麻烦，负担，关心，烦恼,,,
分ける,わける,,分裂，分离,,,
博士,はかせ,,博士，博士,,,
不正,ふせい,,不公正，不公平,,,
格好,かっこう,,形状，形式，姿势，适用性,,,
髪の毛,かみのけ,,头发（头部）,,,
発展,はってん,,发展与成长,,,
幸せ,しあわせ,,幸福，好运，好运，祝福,,,
素晴らしい,すばらしい,,美妙，灿烂，壮丽,,,
維持,いじ,,维护、保存,,,
交際,こうさい,,公司，友谊，协会，社会，熟人,,,
角,かく,,角,,,
強盗,ごうとう,,抢劫，入室盗窃,,,
クラシック,クラシック,,经典,,,
豆,まめ,,豆类，豌豆,,,
助手,じょしゅ,,助手，帮助聚会，助手，导师,,,
幼い,おさない,,很年轻，幼稚,,,
影,かげ,,阴影，阴影，另一面,,,
成功,せいこう,,成功，命中,,,
深刻,しんこく,,严重,,,
ダンス,ダンス,,跳舞,,,
高価,こうか,,高价,,,
知事,ちじ,,都道府县知事,,,
現す,あらわす,,显示，指示，显示,,,
食欲,しょくよく,,食欲（食物）,,,
これら,これら,,这些,,,
掃除,そうじ,,清洁，清扫,,,
減る,へる,,减少（大小或数量），减少，减少,,,
がっかり,がっかり,,感到失望，沮丧，灰心丧气,,,
できれば,できれば,,--,,,
決心,けっしん,,决心，决议,,,
手品,てじな,,诡计，魔术，魔术，杂耍,,,
似合う,にあう,,适合，匹配，成为，像,,,
隠す,かくす,,隐藏，隐藏,,,
水準,すいじゅん,,（1）水位，（2）水位，标准,,,
全く,まったく,,真的，真的，完全，完全,,,
中学,ちゅうがく,,初中、初中,,,
にっこり,にっこり,,甜蜜地微笑，微笑，咧嘴一笑,,,
従兄弟,いとこ,,表妹（男）,,,
当てる,あてる,,命中，应用补丁,,,
骨,ほね,,骨,,,
涙,なみだ,,撕,,,
すなわち,すなわち,,也就是说，即，即,,,
劇場,げきじょう,,剧院，剧场,,,
密,みつ,,--,,,
鼠,ねずみ,,（1）小鼠，大鼠，（2）深灰色，石板色,,,
貰う,もらう,,接收,,,
端,はじ,,末端（例如街道）、边缘、尖端、边距、点,,,
永久,えいきゅう,,永恒，永恒，不朽,,,
お互い,おたがい,,相互的，互惠的，彼此的,,,
出発,しゅっぱつ,,离开,,,
放す,ほかす,,分离，释放,,,
石油,せきゆ,,石油，石油，煤油,,,
革,かわ,,皮革,,,
自然,しぜん,,自然，自发,,,
歓迎,かんげい,,欢迎，接待,,,
感じる,かんじる,,去感受，去感知，去体验,,,
塵,ちり,,灰尘，污垢,,,
作曲,さっきょく,,作曲、设置（音乐）,,,
国会,こっかい,,国会、议会、国会,,,
ボート,ボート,,划艇,,,
どんなに,どんなに,,如何，多少,,,
言う,いう,,说,,,
持ち上げる,もちあげる,,提升，提升，奉承,,,
就職,しゅうしょく,,找工作，就职典礼,,,
ただ,ただ,,免费，仅，仅,,,
大,だい,,--,,,
芝居,しばい,,戏剧，戏剧,,,
国境,こっきょう,,国家或州边界,,,
許可,きょか,,许可，审批,,,
世紀,せいき,,世纪，时代,,,
単純,たんじゅん,,单纯,,,
結果,けっか,,结果，后果,,,
区別,くべつ,,区别、区分、分类,,,
一家,いっか,,一个房子，一个家，一个家庭，一个家庭,,,
運,うん,,财富，运气,,,
贈る,おくる,,发送，给予，授予，授予,,,
強調,きょうちょう,,强调，强调，强调点,,,
おじいさん,おじいさん,,爷爷，男性老年人,,,
宝,たから,,珍惜,,,
滞在,たいざい,,住宿，寄居,,,
勇気,ゆうき,,勇气，勇敢，勇敢，勇气，勇气,,,
腰,こし,,臀部,,,
大家,おおや,,富家，尊贵家族,,,
悲しむ,かなしむ,,悲伤，哀悼，遗憾,,,
現金,げんきん,,现金，现成货币，雇佣兵，利己主义,,,
アイロン,アイロン,,（电）熨斗,,,
自慢,じまん,,骄傲，吹嘘,,,
周囲,しゅうい,,周围，周长，周围环境,,,
数字,すうじ,,数字，数字,,,
恐れる,おそれる,,害怕，害怕,,,
真面目,まじめ,,勤奋、认真、诚实,,,
意識,いしき,,意识，感官,,,
金額,きんがく,,金额,,,
クリスマス,クリスマス,,圣诞节,,,
日中,にちちゅう,,白天，光天化日之下,,,
主に,おもに,,主要，主要,,,
もしも,もしも,,如果,,,
明かり,あかり,,灯，光（一般），亮度,,,
食物,しょくもつ,,食品，食品,,,
場面,ばめん,,场景、设置（例如小说）,,,
論じる,ろんじる,,争论，讨论，辩论,,,
用いる,もちいる,,使用，利用,,,
テント,テント,,帐篷,,,
構う,かまう,,去意，去关心，去关心,,,
宿,やど,,客栈，住宿,,,
学問,がくもん,,奖学金，学习，学习,,,
吐く,はく,,（1）呼吸，（2）说谎，（3）呕吐，吐出,,,
株,かぶ,,share，stock，stump （of tree）,,,
順,じゅん,,顺序，转弯,,,
あんまり,あんまり,,不是很，不多，剩下的，休息的,,,
好み,このみ,,喜欢，品味，选择,,,
牛,うし,,牛，牛,,,
意思,いし,,意图、目的,,,
自殺,じさつ,,自杀,,,
のんびり,のんびり,,无忧无虑，悠闲自在,,,
換える,かえる,,交换，交换，替代，替换,,,
本人,ほんにん,,这个人自己,,,
大統領,だいとうりょう,,总裁、行政总裁,,,
泥,どろ,,泥,,,
刈る,かる,,剪（头发），割草（草），收割,,,
議会,ぎかい,,国会，国会，议会,,,
コード,コード,,代码，绳索，和弦,,,
犯人,はんにん,,罪犯，罪犯,,,
ぴったり,ぴったり,,确切，整齐，尖锐,,,
貢献,こうけん,,贡献，服务,,,
濡れる,ぬれる,,弄湿,,,
利益,りえき,,利润，收益，（政治，经济）利益,,,
バッグ,バッグ,,袋子，虫子,,,
事実,じじつ,,事实，真相，现实,,,
真っ直ぐ,まっすぐ,,直（前）、直、直,,,
さて,さて,,好吧，现在，那么,,,
やがて,やがて,,不久，很快，终于,,,
打つ,うつ,,打，打,,,
半ば,なかば,,中间，一半，一半，一半，部分,,,
縁,えん,,一种手段，例如生活,,,
進める,すすめる,,前进，促进，加速,,,
保証,ほしょう,,保证，安全，保证，质押，保证,,,
兎,うさぎ,,兔子，野兔，康尼,,,
誘う,さそう,,（1）邀请，请求，（2）诱惑，引诱，诱导,,,
なかなか,なかなか,,非常，相当，容易,,,
グランド,グランド,,压盖，大，（电气）接地,,,
反抗,はんこう,,反对，抵抗,,,
対象,たいしょう,,对象、对象（礼拜、学习等）、对象（税收等）,,,
違反,いはん,,违反（法律），违法，侵权，违反,,,
目標,もくひょう,,标记，目标，目标,,,
給料,きゅうりょう,,薪水，工资,,,
苦手,にがて,,差 （at）、弱 （in）、不喜欢 （of）,,,
名人,めいじん,,硕士，专家,,,
吸収,きゅうしゅう,,吸收、吸力、吸引力,,,
本当,ほんとう,,真相，现实,,,
解ける,とける,,解开束缚，分开,,,
センター,センター,,一个中心,,,
泡,あわ,,气泡，泡沫，泡沫，啤酒头,,,
抱く,いだく,,（sl） 拥抱，拥抱，港湾，娱乐,,,
費用,ひよう,,成本，费用,,,
小,しょう,,--,,,
たびたび,たびたび,,经常，反复，频繁,,,
同一,どういつ,,同一性、同一性、相似性,,,
宜しい,よろしい,,（》《好,,,
散歩,さんぽ,,散步，散步,,,
予報,よほう,,预测，预测,,,
徐々に,にじょじょに,,慢慢地，一点一点地，渐渐地，稳步地，悄悄地,,,
きちんと,きちんと,,精确，准确,,,
通り,とおり,,按照~，跟着~，~街，~大道,,,
滅多に,めったに,,很少（带否定动词），很少,,,
批評,ひひょう,,批评，评论，评论,,,
抵抗,ていこう,,电阻，电阻，反对,,,
所為,しょい,,原因，原因，故障,,,
率,りつ,,率，比率，比例，百分比,,,
少年,しょうねん,,男孩，少年,,,
ユーモア,ユーモア,,幽默,,,
狂う,くるう,,发疯，乱七八糟,,,
食料,しょくりょう,,食物,,,
独身,どくしん,,单身，单身，未婚，独身,,,
じゃあ,じゃあ,,好吧，那么,,,
原,はら,,田野，平原，草原，苔原，沼泽，荒野,,,
日付,ひづけ,,日期，约会,,,
変更,へんこう,,更改，修改，更改,,,
跡,あと,,（1）痕迹，痕迹，标记，标志，（2）遗骸，废墟，（3）疤痕,,,
沖,おき,,公海,,,
陰,かげ,,阴影，阴影，另一面,,,
悩む,なやむ,,担心，烦恼,,,
判断,はんだん,,判决，决定,,,
働き,はたらき,,工作，劳动,,,
鉄,てつ,,铁,,,
幾つ,いくつ,,多少？，多大了？,,,
芝生,しばふ,,草坪,,,
尊敬,そんけい,,尊重，尊重，崇敬，荣誉,,,
神,かみ,,神,,,
重大,じゅうだい,,严肃的，重要的，严肃的，有分量的,,,
いつか,いつか,,某一天，某一天，某一天,,,
売れる,うれる,,待售,,,
賞,しょう,,奖，奖,,,
真っ赤,まっか,,深红色，脸色潮红,,,
常識,じょうしき,,常识,,,
すてき,すてき,,可爱，梦幻，美丽，伟大,,,
望み,のぞみ,,愿望，欲望，（a）希望,,,
観光,かんこう,,观光,,,
手伝い,てつだい,,帮助，帮助，助手,,,
冷静,れいせい,,冷静、沉着、冷静、安详,,,
諦める,あきらめる,,放弃，放弃,,,
寄付,きふ,,贡献，捐赠,,,
気に入る,きにいる,,满意，适合,,,
けち,けち,,吝啬，吝啬，吝啬,,,
愛情,あいじょう,,爱，亲情,,,
求める,もとめる,,寻求，要求，要求，想要，希望，寻找，追求（快乐），狩猎（工作），,,,
達する,たっする,,到达，到达,,,
女子,じょし,,女人，女孩,,,
個人,こじん,,个人，私人，个人，私人,,,
限界,げんかい,,限制，约束,,,
スキー,スキー,,滑雪,,,
会,かい,,会议，集会，聚会，协会，俱乐部,,,
衛星,えいせい,,卫星,,,
松,まつ,,（1）松树，（2）最高（三级排名系统）,,,
はさみ,はさみ,,剪刀,,,
事態,じたい,,现状、现状,,,
満足,まんぞく,,满意,,,
タイプライター,タイプライター,,打字机,,,
いずれ,いずれ,,在哪里，哪个，谁,,,
衝突,しょうとつ,,碰撞，冲突,,,
行動,こうどう,,行动，行为，行为，动员,,,
穴,あな,,洞,,,
ボーイ,ボーイ,,男孩,,,
少々,しょうしょう,,只需一分钟，少量,,,
土曜,どよう,,星期六,,,
煙,けむり,,烟雾，烟雾,,,
全体,ぜんたい,,整体，整体，随便（是问题）,,,
地区,ちく,,地区，部门，部门,,,
程度,ていど,,度，量，级，标准，顺序（后面有数字）,,,
量,りょう,,数量，数量，体积，份量（食物）,,,
現場,げんば,,实际犯罪现场、现场、现场,,,
不思議,ふしぎ,,神秘，好奇,,,
存在,そんざい,,存在，存在,,,
農家,のうか,,农民，农户,,,
死亡,しぼう,,死亡，死亡率,,,
我慢,がまん,,耐心、耐力、毅力,,,
一層,いっそう,,更多，更多，更多,,,
だけど,だけど,,然而,,,
配達,はいたつ,,交货，分销,,,
降ろす,おろす,,取下，发射，放下,,,
先ず,まず,,首先，首先，关于，几乎，几乎，几乎（带否定动词）,,,
快適,かいてき,,愉快，愉快，舒适,,,
楽,らく,,舒适，轻松,,,
空き,あき,,房间，空闲时间，空虚,,,
火災,かさい,,火灾，火灾,,,
馬鹿,ばか,,傻瓜，白痴，琐碎的事情，愚蠢,,,
埃,ほこり,,灰尘,,,
缶,かん,,罐头，锡,,,
トラック,トラック,,（1）卡车，（2）（运行）轨道,,,
作品,さくひん,,工作，作品，表演，制作,,,
日光,にっこう,,阳光,,,
特徴,とくちょう,,特点，特点,,,
妙,みょう,,奇怪，不寻常,,,
注文,ちゅうもん,,订单，请求,,,
善,ぜん,,善，善，对，德,,,
奥,おく,,内饰、内饰,,,
お腹,おなか,,胃,,,
生地,きじ,,出生地,,,
人類,じんるい,,人类，人类,,,
彼等,かれら,,他们（通常是男性）,,,
向く,むく,,面对,,,
表面,ひょうめん,,表面，外部，面部，外观,,,
単なる,たんなる,,纯粹，简单，纯粹,,,
清潔,せいけつ,,干净,,,
共同,きょうどう,,合作，协会，协作，联合,,,
うがい,うがい,,漱口，漱口,,,
掲示,けいじ,,公告，公告,,,
怠ける,なまける,,无所事事，忽视,,,
都,と,,资本,,,
一生,いっしょう,,一生，一生，一生,,,
セット,セット,,设置,,,
ばったり,ばったり,,随着碰撞（砰），随着砰的一声，丰满，翻牌,,,
プラン,プラン,,计划,,,
訳,わけ,,意义，原因，情况，可以推断，情况,,,
城,しろ,,城堡,,,
一言,ひとこと,,单字,,,
必ずしも,かならずしも,,（不）总是，（不）必然，（不）全部，（不）完全,,,
感覚,かんかく,,感觉，感觉,,,
黒板,こくばん,,黑板,,,
容易,ようい,,简单，简单，朴素,,,
連れ,つれ,,同伴，公司,,,
触れる,ふれる,,触摸，被触摸，触摸主题，感觉，违反（法律，版权等），感知，t,,,
審判,しんぱん,,裁判，审判，判决，裁判，裁判,,,
大使,たいし,,大使,,,
桜,さくら,,樱花，樱花树,,,
感情,かんじょう,,情绪，感觉，情绪,,,
差別,さべつ,,辨别，区别，区分,,,
火曜,かよう,,（缩写）星期二,,,
トンネル,トンネル,,隧道,,,
訓,くん,,以日语为母语的汉字读法,,,
入学,にゅうがく,,进入学校或大学，预科,,,
大陸,たいりく,,大陆,,,
合図,あいず,,标志，信号,,,
敵,てき,,敌人，对手,,,
オーバー,オーバー,,（1）大衣，（2）外衣,,,
下さる,くださる,,（尊）给予，授予,,,
宅,たく,,房子，家，丈夫,,,
有効,ゆうこう,,有效性、可用性、有效性,,,
青年,せいねん,,青年，年轻人,,,
とん,とん,,咔嚓、咔嚓、咔嚓,,,
裁判,さいばん,,审判，判决,,,
いち,いち,,市场，公平,,,
微笑む,ほほえむ,,微笑,,,
痛み,いたみ,,疼痛，疼痛，酸痛，悲伤，痛苦,,,
どれ,どれ,,好吧，现在，让我看看，哪个（三个或更多）,,,
風景,ふうけい,,风景,,,
被る,こうむる,,受苦,,,
推薦,すいせん,,建议,,,
布,ぬの,,布,,,
始まり,はじまり,,起源，开始,,,
どう,どう,,如何，以何种方式，怎么样,,,
主張,しゅちょう,,主张，请求，坚持，断言,,,
世話,せわ,,照顾，帮助，援助，协助,,,
禁止,きんし,,禁止，禁止,,,
覚ます,さます,,觉醒,,,
石炭,せきたん,,煤,,,
物音,ものおと,,听 起来,,,
商売,しょうばい,,贸易，商业，商业，交易，职业,,,
温度,おんど,,温度,,,
論争,ろんそう,,争议，争议,,,
騒音,そうおん,,噪声,,,
繰り返す,くりかえす,,重复，重新做某事,,,
クリーム,クリーム,,奶油,,,
婦人,ふじん,,女人，女人,,,
勿論,もちろん,,当然，当然，自然,,,
精々,せいぜい,,最多，充其量，最大，尽可能多（远）,,,
正確,せいかく,,准确、准时、准确、真实、真实,,,
縦,たて,,长度，高度,,,
ロケット,ロケット,,小盒，火箭,,,
観察,かんさつ,,观察，调查,,,
再び,ふたたび,,再一次，再一次，第二次,,,
発明,はつめい,,发明,,,
組織,そしき,,（1）组织，（2）结构，建设，（3）组织，（4）系统,,,
建設,けんせつ,,建设、建立,,,
方,ほう,,边,,,
デート,デート,,约会，去约会,,,
猿,さる,,猴子,,,
見解,けんかい,,意见，观点,,,
是非,ぜひ,,当然，没有失败,,,
年代,ねんだい,,年龄，时代，时期，日期,,,
信仰,しんこう,,（宗教）信仰，信仰，信条,,,
増加,ぞうか,,增加，加法,,,
レポート,レポート,,报告，论文,,,
田,た,,稻田,,,
熱帯,ねったい,,热带,,,
そう,そう,,所以,,,
賛成,さんせい,,批准，同意，支持，赞成,,,
地域,ちいき,,区域，区域,,,
課,か,,章节计数器（一本书的）,,,
明ける,あける,,到黎明，到白昼,,,
都市,とし,,镇，市，市，市区,,,
事務,じむ,,商务，办公室工作,,,
議論,ぎろん,,争论，讨论，争议,,,
なお,なお,,直的，恶作剧的，普通的，普通的,,,
既に,すでに,,已经，为时已晚,,,
たっぷり,たっぷり,,饱满，丰盛，充裕,,,
設備,せつび,,设备，装置，设施，安装,,,
不自由,ふじゆう,,不适、残疾、不便、贫困,,,
以前,いぜん,,以前，自从，以前，以前,,,
椅子,いす,,椅子,,,
交換,こうかん,,交换，交换，互惠,,,
転ぶ,ころぶ,,跌倒，跌倒,,,
釣,つり,,--,,,
考え,かんがえ,,思考，思想，想法，意图,,,
上達,じょうたつ,,改进、进步、进步,,,
コンピューター,コンピューター,,计算机,,,
型,かた,,模具，模型，样式，形状，数据类型,,,
夫婦,ふうふ,,已婚夫妇，夫妻,,,
グループ,グループ,,群,,,
選手,せんしゅ,,（1）玩家（在游戏中），（2）团队,,,
慎重,しんちょう,,谨慎，谨慎,,,
訪問,ほうもん,,致电，访问,,,
ドラマ,ドラマ,,戏剧,,,
記者,きしゃ,,记者,,,
使用,しよう,,使用，应用，就业，利用,,,
作物,さくもつ,,农产品（如农业）、农作物,,,
どうか,どうか,,铜币,,,
題,だい,,标题，主题，主题，主题,,,
家事,かじ,,家务，家务,,,
平ら,たいら,,平坦度，水平度，平滑度，平静度，平整度,,,
嬉しい,うれしい,,快乐，快乐，愉快,,,
お目に掛かる,おめにかかる,,--,,,
罪,つみ,,犯罪，过失，轻率,,,
提案,ていあん,,提案，命题，建议,,,
書類,しょるい,,文件，官方文件,,,
挨拶,あいさつ,,问候，问候,,,
作法,さほう,,礼仪、礼仪、礼节,,,
ゆっくり,ゆっくり,,慢慢地，自在地,,,
支給,しきゅう,,付款，津贴,,,
骨折,こっせつ,,骨折,,,
続き,つづき,,续集，续集,,,
書物,しょもつ,,书,,,
非常,ひじょう,,紧急、非同寻常、不寻常,,,
アイスクリーム,アイスクリーム,,冰淇淋,,,
不満,ふまん,,不满意，不高兴，不满意，抱怨，不快乐,,,
偶,たま,,偶数，夫妻，夫妻，朋友,,,
委員,いいん,,委员会成员,,,
幸運,こううん,,祝你好运，财富,,,
資源,しげん,,资源,,,
夢中,むちゅう,,发呆，（在a）恍惚，狂喜，谵妄，全神贯注,,,
意外,いがい,,出乎意料，惊喜,,,
不平,ふへい,,抱怨，不满，不满,,,
進歩,しんぽ,,进步与发展,,,
事件,じけん,,事件，外遇，事件,,,
健康,けんこう,,健康，健全，健康,,,
平和,へいわ,,和平、和谐,,,
終わる,おわる,,完成，关闭，完全做某事,,,
流れる,ながれる,,流，流，流（墨），被冲走,,,
戦う,たたかう,,去战斗，去战斗，去战斗,,,
後者,こうしゃ,,后者,,,
引っ張る,ひっぱる,,（1）拉，拖，（2）拉球（棒球）,,,
希望,きぼう,,希望，愿望，抱负,,,
食卓,しょくたく,,餐桌,,,
逮捕,たいほ,,逮捕，逮捕，俘虏,,,
等,ひとし,,等等等等，等等,,,
願う,ねがう,,渴望，希望，请求,,,
害,がい,,伤害，伤害，邪恶的影响，损害,,,
あるいは,あるいは,,或者，可能,,,
瞬間,しゅんかん,,瞬间，秒，瞬间,,,
世間,せけん,,世界，社会,,,
確かめる,たしかめる,,确定,,,
嫌う,きらう,,憎恨，厌恶，厌恶,,,
命,いのち,,命令，法令，生活，命运,,,
記入,きにゅう,,录入、填写表格,,,
作家,さっか,,作家，作家，小说家，艺术家,,,
いらいら,いらいら,,变得紧张，烦躁,,,
議員,ぎいん,,国会议员、国会或国会议员,,,
尊重,そんちょう,,尊重，尊重，尊重,,,
占める,しめる,,（1）包括、占、补（的）、（2）持有、占,,,
代金,だいきん,,价格，付款，成本，收费,,,
表現,ひょうげん,,表达式，演示，表示（数学）,,,
税金,ぜいきん,,税收，关税,,,
礼,れい,,表达感激之情,,,
燃える,もえる,,燃烧,,,
皮,かわ,,皮，皮，皮，皮，毛皮，毛皮，树皮，贝壳,,,
更に,さらに,,而且，再一次，毕竟，越来越多，而且,,,
主要,しゅよう,,首席，主要，主要，主要，专业,,,
直に,じかに,,立即、随时、直接,,,
およそ,およそ,,大约，粗略地，通常，大约,,,
スープ,スープ,,（西式）汤,,,
なぜなら,なぜなら,,因为,,,
主義,しゅぎ,,学说，规则，原则,,,
熱心,ねっしん,,热忱，热情,,,
実現,じつげん,,实施、具体化、实现,,,
河,かわ,,河流，溪流,,,
苦しむ,くるしむ,,受苦，呻吟，担心,,,
底,そこ,,底部，鞋底,,,
笛,ふえ,,长笛、管,,,
済ませる,すませる,,待完成,,,
一時,いちじ,,时刻，时间,,,
得る,える,,得到，获得，赢,,,
故郷,こきょう,,故乡，出生地，老村，历史村落,,,
知らせ,しらせ,,通知,,,
完全,かんぜん,,完美、完整,,,
教師,きょうし,,教师（课堂）,,,
岸,きし,,银行，海岸，岸,,,
援助,えんじょ,,援助，援助，支持,,,
流行,りゅうこう,,时尚，时尚，流行，盛行,,,
魅力,みりょく,,魅力，魅力，魅力,,,
脇,わき,,边,,,
協力,きょうりょく,,合作，协作,,,
吠える,ほえる,,吠叫，海湾，嚎叫，咆哮，咆哮，哭泣,,,
関連,かんれん,,关系，联系，相关性,,,
局,つぼね,,宫廷小姐，侍女,,,
すごい,すごい,,可怕的，可怕的，了不起的，惊人的，伟大的,,,
要求,ようきゅう,,请求，需求，请购,,,
それでも,それでも,,但是（仍然），然而，尽管如此，即使如此，尽管,,,
記事,きじ,,文章，新闻报道，报告，帐户,,,
どんな,どんな,,什么，什么样的,,,
何とか,なんとか,,不知何故，无论如何，一种或另一种方式,,,
実は,じつは,,事实上，顺便说一句,,,
パス,パス,,path，pass （在游戏中）,,,
明らか,あきらか,,明显，明显，清晰,,,
よい,よい,,好，漂亮，愉快，还行,,,
悲劇,ひげき,,悲剧,,,
ほぼ,ほぼ,,差不多，大致，差不多,,,
改善,かいぜん,,改善，改进,,,
申し訳,もうしわけ,,道歉，对不起,,,
異常,いじょう,,奇怪，异常，紊乱,,,
図書,としょ,,书,,,
震える,ふるえる,,颤抖，摇晃，颤抖,,,
ソファー,ソファー,,沙发，沙发,,,
徹夜,てつや,,通宵守夜，不眠之夜,,,
やや,やや,,一点点，部分，有点，一小段时间，一会儿,,,
パイロット,パイロット,,飞行员,,,
叩く,たたく,,击打，拍手，尘土飞扬，殴打,,,
生物,せいぶつ,,生食,,,
急激,きゅうげき,,突如其来的、陡峭的、激进的,,,
ホーム,ホーム,,（1）平台，（2）主页,,,
男子,だんし,,青年，年轻人,,,
期間,きかん,,期间，期限,,,
人工,じんこう,,人造的，人造的，人类的工作，人类的技能，人造的,,,
どうしても,どうしても,,无论如何，不惜一切代价，不惜一切代价,,,
欠点,けってん,,故障、缺陷、弱点,,,
岩,いわ,,岩石，峭壁,,,
欠席,けっせき,,缺勤，缺席,,,
現状,げんじょう,,现状，现状，现状,,,
境,さかい,,边界，边界，精神状态,,,
叱る,しかる,,骂人,,,
今後,こんご,,从现在开始，从此以后,,,
徹底,てってい,,彻底性、完整性,,,
指す,さす,,点，撑伞，玩,,,
象,ぞう,,象,,,
気温,きおん,,温度,,,
サイン,サイン,,（1）亲笔签名，（2）签名，（3）正弦,,,
監督,かんとく,,监督，控制，监督,,,
真似,まね,,模仿，模仿，行为，伪装,,,
余り,あまり,,not very （用作副词），不多,,,
大いに,おおいに,,非常，非常，非常,,,
答案,とうあん,,试卷、试卷,,,
状態,じょうたい,,条件，情况，情况，状态,,,
期待,きたい,,期待，期待，希望,,,
女優,じょゆう,,女演员,,,
攻撃,こうげき,,攻击，罢工，攻击，批评，谴责,,,
思い出,おもいで,,回忆，回忆，回忆,,,
拡大,かくだい,,放大，放大,,,
最終,さいしゅう,,最后，最终，结束,,,
際,さい,,在当时，情况,,,
でも,でも,,但是，然而,,,
感心,かんしん,,佩服，干得好！,,,
賢い,かしこい,,聪明，聪明，聪明,,,
年中,ねんじゅう,,全年，始终，每天,,,
解く,とく,,解开,,,
休暇,きゅうか,,假期，休息日，休假,,,
小麦,こむぎ,,小麦,,,
元,もと,,（1）原产地，原件，（2）原件,,,
キロ,キロ,,（缩写）千-，千克，千米，10^3,,,
濃い,こい,,厚（如色、液）、致密、强,,,
離婚,りこん,,离婚,,,
場,ば,,地点，场（物理）,,,
頃,ころ,,时间，关于，朝向，大约（时间）,,,
豊か,ゆたか,,丰富，富有，丰富，富有,,,
憲法,けんぽう,,宪法,,,
遂に,ついに,,最后，终于,,,
多少,たしょう,,或多或少，有点，一点点，一些,,,
検査,けんさ,,检验（如海关、工厂）、检验,,,
祭,まつり,,节日，盛宴,,,
陽気,ようき,,季节，天气，欢快,,,
守る,まもる,,保护，服从，守卫，遵守（规则）,,,
感じ,かんじ,,感觉，感觉，印象,,,
夕べ,ゆうべ,,傍晚,,,
微妙,びみょう,,细腻，微妙,,,
きつい,きつい,,紧绷、紧密、激烈,,,
偉大,いだい,,大,,,
現象,げんしょう,,现象,,,
幸い,さいわい,,幸福，幸福,,,
減らす,へらす,,减少，减少，减少，缩短,,,
一度に,いちどに,,一气呵成,,,
権利,けんり,,权利，特权,,,
出会い,であい,,相遇，约会，相遇,,,
不図,ふず,,突然，不经意，不经意，偶然，意外，无意,,,
者,もの,,人,,,
佩,はい,,穿，穿上（剑）,,,
掴む,つかむ,,抓住，抓住，抓住,,,
相続,そうぞく,,继承、继承,,,
単語,たんご,,单词，词汇，（通常）单字符单词,,,
爆発,ばくはつ,,爆炸，引爆，喷发,,,
高速,こうそく,,高速，高速,,,
譲る,ゆずる,,交接，分配，交接,,,
離れる,はなれる,,分离，离开，离开，离开，遥远,,,
芸術,げいじゅつ,,（美）艺，艺术,,,
土産,みやげ,,礼物，纪念品,,,
年寄,としより,,老人，老人,,,
地下,ちか,,地下室，地下,,,
出来事,できごと,,事件，外遇，正在发生，事件,,,
経営,けいえい,,管理，行政,,,
咳,せき,,咳嗽,,,
間違い,まちがい,,错误,,,
木曜,もくよう,,星期四,,,
大半,たいはん,,大多数，大多数，一般,,,
州,しゅう,,沙洲,,,
舞台,ぶたい,,舞台（剧院）,,,
塔,とう,,塔，宝塔,,,
同時,どうじ,,同时（ly），并发，同时，同步,,,
地平線,ちへいせん,,地平线,,,
借金,しゃっきん,,债务，贷款，负债,,,
哀れ,あわれ,,无奈，怜悯，悲伤，悲伤,,,
あと,あと,,（1）痕迹，痕迹，（2）遗迹，废墟，（3）疤痕,,,
文明,ぶんめい,,文明，文化,,,
スイッチ,スイッチ,,开关,,,
精神,せいしん,,心灵，灵魂，心灵，精神，意图,,,
紐,ひも,,（1）绳子，绳子，（2）皮条客,,,
急速,きゅうそく,,快速（例如进展）,,,
伸びる,のびる,,伸展，伸展，进步，生长（胡须，身高）,,,
束,たば,,handwidthth，捆扎,,,
消防,しょうぼう,,消防，消防部门,,,
物質,ぶっしつ,,材料、物质,,,
不足,ふそく,,不足、短缺、不足、缺乏、匮乏,,,
可,か,,差强人意,,,
今にも,いまにも,,任何时候，很快,,,
塀,へい,,墙体，栅栏,,,
解釈,かいしゃく,,解释，解释,,,
罰する,ばっする,,惩罚，惩罚,,,
豪華,ごうか,,美妙，华丽，辉煌，盛况，奢侈,,,
引用,いんよう,,引文，引文,,,
植物,しょくぶつ,,植物，植被,,,
混乱,こんらん,,无序，混沌，混乱，混乱,,,
支払う,しはらう,,支付,,,
発達,はったつ,,发展与成长,,,
チャンス,チャンス,,机会，机会,,,
次第,しだい,,（1）顺序，优先次序，（2）情况，（3）立即（ly）,,,
札,さつ,,（1）令牌，标签，（2）门票，（3）吊饰,,,
出席,しゅっせき,,出席率，出席率,,,
ママ,ママ,,妈妈,,,
ここ,ここ,,这里,,,
質,しつ,,质量，性质（人）,,,
ところで,ところで,,顺便说一句，即使，不管什么,,,
常に,つねに,,永远，不断,,,
奪う,うばう,,抢走,,,
名,な,,姓名，声誉,,,
保存,ほぞん,,保存，保存，储存，维护,,,
労働,ろうどう,,体力劳动，辛劳，工作,,,
マイク,マイク,,话筒,,,
言わば,いわば,,可以这么说,,,
びっくり,びっくり,,惊讶，惊讶，害怕，惊讶,,,
タオル,タオル,,（手）毛巾,,,
袖,そで,,袖,,,
プラス,プラス,,加,,,
例,れい,,实例，示例，案例,,,
一番,いちばん,,最佳、第一、第一,,,
背,せ,,身高，身材,,,
数える,かぞえる,,计数,,,
喜び,よろこび,,（a）喜悦，（a）喜悦，狂喜，喜悦，满足，喜乐，祝贺，祝贺,,,
明後日,みょうごにち,,后天,,,
母親,ははおや,,妈妈,,,
人間,にんげん,,人，人，人,,,
一般,いっぱん,,一般，自由，普遍，普通，平均,,,
全て,すべて,,所有，整体，完全，一般，完全,,,
心理,しんり,,心态,,,
メモ,メモ,,备忘录,,,
位置,いち,,地点，情况，位置，位置,,,
能力,のうりょく,,能力，师资力量,,,
デモ,デモ,,（缩写） demo，演示,,,
気候,きこう,,气候,,,
基づく,もとづく,,要立足，要立足，要因，要源自,,,
値段,ねだん,,价格，成本,,,
電子,でんし,,电子,,,
生き物,いきもの,,生物，动物,,,
帯,おび,,波段（例如传导、化合价）,,,
除く,のぞく,,删除，排除，除,,,
いわゆる,いわゆる,,所谓，可以这么说,,,
調子,ちょうし,,调，音，调,,,
しばしば,しばしば,,经常，一次又一次，经常,,,
行儀,ぎょうぎ,,礼仪,,,
表す,あらわす,,表达，展示，揭示,,,
正直,しょうじき,,诚实、正直、坦率,,,
通過,つうか,,通过，通过,,,
